id,address,first_name,gender,enabled,last_name
1,8 Nova Crossing,Gibbie,Male,"{""type"":""Buffer"",""data"":[0]}",Vamplus
2,044 Rutledge Plaza,Clementia,Female,"{""type"":""Buffer"",""data"":[0]}",Castelli
3,1806 Transport Avenue,Obidiah,Male,"{""type"":""Buffer"",""data"":[1]}",Doldon
4,293 Northfield Way,Maddy,Female,"{""type"":""Buffer"",""data"":[0]}",Sandell
5,13 Express Parkway,Silva,Female,"{""type"":""Buffer"",""data"":[0]}",Ducket
6,67798 Pleasure Court,Carry,Female,"{""type"":""Buffer"",""data"":[0]}",McGifford
7,99914 Blackbird Hill,Elga,Female,"{""type"":""Buffer"",""data"":[1]}",Coye
8,5937 Northridge Court,Ramsey,Male,"{""type"":""Buffer"",""data"":[0]}",Hechlin
9,1869 Troy Way,Marta,Female,"{""type"":""Buffer"",""data"":[1]}",Lawden
10,576 Saint Paul Plaza,Gerrilee,Female,"{""type"":""Buffer"",""data"":[0]}",Morgue
11,69137 Thompson Junction,Raynor,Male,"{""type"":""Buffer"",""data"":[0]}",Sellars
12,9743 Londonderry Plaza,Winslow,Male,"{""type"":""Buffer"",""data"":[0]}",Olsen
13,9392 Hoepker Hill,Naomi,Female,"{""type"":""Buffer"",""data"":[0]}",Goldstraw
14,4837 Kensington Pass,Gaston,Male,"{""type"":""Buffer"",""data"":[0]}",Thynn
15,180 7th Lane,Kandace,Female,"{""type"":""Buffer"",""data"":[0]}",Bushrod
16,84 Merrick Drive,Vernen,Male,"{""type"":""Buffer"",""data"":[0]}",Duncanson
17,3 Graedel Park,Bel,Female,"{""type"":""Buffer"",""data"":[0]}",Wyer
18,45 Mockingbird Road,Stanleigh,Male,"{""type"":""Buffer"",""data"":[1]}",Pautot
19,855 Kropf Plaza,Wendell,Male,"{""type"":""Buffer"",""data"":[0]}",Uttley
20,54 Shelley Drive,Morris,Male,"{""type"":""Buffer"",""data"":[1]}",Rowledge
21,0 Southridge Park,Tait,Male,"{""type"":""Buffer"",""data"":[1]}",Rotlauf
22,13967 Huxley Pass,Olympia,Female,"{""type"":""Buffer"",""data"":[1]}",Whytock
23,39813 Scoville Lane,Rozanna,Female,"{""type"":""Buffer"",""data"":[0]}",Kinkade
24,60 Elka Pass,Lonnard,Male,"{""type"":""Buffer"",""data"":[1]}",Ingrem
25,94 Vernon Circle,Zebedee,Male,"{""type"":""Buffer"",""data"":[1]}",Boughey
26,009 Sachtjen Drive,Star,Female,"{""type"":""Buffer"",""data"":[0]}",Theurer
27,2 Lighthouse Bay Junction,Tabina,Female,"{""type"":""Buffer"",""data"":[0]}",Savell
28,61 Old Gate Drive,Hersh,Male,"{""type"":""Buffer"",""data"":[0]}",Fidge
29,2 Longview Avenue,Berry,Female,"{""type"":""Buffer"",""data"":[1]}",Niesegen
30,38110 Dwight Road,Keefer,Male,"{""type"":""Buffer"",""data"":[1]}",Harring
31,01330 Glendale Court,Madel,Female,"{""type"":""Buffer"",""data"":[1]}",Duffie
32,8 Northwestern Center,Salomi,Female,"{""type"":""Buffer"",""data"":[0]}",Cregg
33,12 Shoshone Center,Franzen,Male,"{""type"":""Buffer"",""data"":[0]}",Annies
34,2 Crescent Oaks Road,Rodie,Female,"{""type"":""Buffer"",""data"":[0]}",Orrow
35,0 Center Trail,Leo,Male,"{""type"":""Buffer"",""data"":[0]}",Bethell
36,06002 Pine View Pass,Margery,Female,"{""type"":""Buffer"",""data"":[1]}",Kehir
37,4 Hollow Ridge Plaza,Tome,Male,"{""type"":""Buffer"",""data"":[1]}",Stachini
38,86802 Michigan Junction,Cammie,Female,"{""type"":""Buffer"",""data"":[0]}",Vatini
39,2063 Reinke Parkway,Alicea,Female,"{""type"":""Buffer"",""data"":[0]}",Oldnall
40,02587 Novick Street,Heriberto,Male,"{""type"":""Buffer"",""data"":[0]}",Cotterell
41,71844 Commercial Lane,Alfons,Male,"{""type"":""Buffer"",""data"":[1]}",Rivalant
42,2 Hooker Plaza,Pascal,Male,"{""type"":""Buffer"",""data"":[0]}",Snaddin
43,3 Northwestern Pass,Briney,Female,"{""type"":""Buffer"",""data"":[1]}",Swyne
44,05 Hazelcrest Alley,Maud,Female,"{""type"":""Buffer"",""data"":[1]}",Wrightham
45,7063 Spaight Crossing,Agnesse,Female,"{""type"":""Buffer"",""data"":[1]}",Applebee
46,4 Almo Circle,Keefer,Male,"{""type"":""Buffer"",""data"":[1]}",Lemmer
47,9 Namekagon Center,Claribel,Female,"{""type"":""Buffer"",""data"":[1]}",Pownall
48,45 Gina Lane,Lyn,Male,"{""type"":""Buffer"",""data"":[0]}",Langmuir
49,2 Victoria Point,Bentley,Male,"{""type"":""Buffer"",""data"":[1]}",Fawdrie
50,1 Golf Course Place,Alicia,Female,"{""type"":""Buffer"",""data"":[0]}",Showen
51,1 Eagle Crest Trail,Abeu,Male,"{""type"":""Buffer"",""data"":[0]}",Blaszczyk
52,7259 Cambridge Trail,Frederico,Male,"{""type"":""Buffer"",""data"":[0]}",Sutherley
53,666 Portage Crossing,Lexie,Female,"{""type"":""Buffer"",""data"":[1]}",Lis
54,375 Summer Ridge Center,Joeann,Female,"{""type"":""Buffer"",""data"":[0]}",Seedhouse
55,375 Basil Trail,Dannie,Male,"{""type"":""Buffer"",""data"":[0]}",Mac
56,68842 Doe Crossing Center,Rafaellle,Male,"{""type"":""Buffer"",""data"":[0]}",Trewett
57,912 Magdeline Pass,Frannie,Male,"{""type"":""Buffer"",""data"":[1]}",McAloren
58,41 Elgar Parkway,Kerri,Female,"{""type"":""Buffer"",""data"":[1]}",Lintill
59,8 Packers Drive,Riane,Female,"{""type"":""Buffer"",""data"":[0]}",Spadazzi
60,37683 Northport Crossing,Michaeline,Female,"{""type"":""Buffer"",""data"":[0]}",Guisot
61,4 Graceland Avenue,Tony,Male,"{""type"":""Buffer"",""data"":[0]}",Cressingham
62,246 Corry Hill,Delphine,Female,"{""type"":""Buffer"",""data"":[0]}",Schwant
63,948 Maryland Alley,Querida,Female,"{""type"":""Buffer"",""data"":[1]}",Tomaszczyk
64,39669 Riverside Crossing,Lewes,Male,"{""type"":""Buffer"",""data"":[0]}",Macartney
65,56892 Melby Pass,Erroll,Male,"{""type"":""Buffer"",""data"":[0]}",Habbema
66,88514 Lindbergh Crossing,Gypsy,Female,"{""type"":""Buffer"",""data"":[0]}",Bowgen
67,1842 Boyd Crossing,Analise,Female,"{""type"":""Buffer"",""data"":[1]}",Dadge
68,5759 Pine View Lane,Vite,Male,"{""type"":""Buffer"",""data"":[1]}",Wheater
69,295 Fairview Hill,Fredek,Male,"{""type"":""Buffer"",""data"":[0]}",Crady
70,6073 Bashford Pass,Kiah,Female,"{""type"":""Buffer"",""data"":[0]}",Mitie
71,57892 Grayhawk Park,Siana,Female,"{""type"":""Buffer"",""data"":[0]}",Knott
72,9 Loftsgordon Plaza,Rustie,Male,"{""type"":""Buffer"",""data"":[0]}",Trevan
73,933 Schiller Avenue,Bambi,Female,"{""type"":""Buffer"",""data"":[0]}",Ullyott
74,64711 8th Park,Fabe,Male,"{""type"":""Buffer"",""data"":[0]}",Alejo
75,779 3rd Court,Sancho,Male,"{""type"":""Buffer"",""data"":[0]}",Huyhton
76,59 Vahlen Hill,Husain,Male,"{""type"":""Buffer"",""data"":[1]}",Fice
77,05 Lakewood Gardens Alley,Leroi,Male,"{""type"":""Buffer"",""data"":[1]}",Gehricke
78,40 Walton Circle,Chadd,Male,"{""type"":""Buffer"",""data"":[1]}",Andreolli
79,09 Rutledge Street,Reginauld,Male,"{""type"":""Buffer"",""data"":[1]}",Fildery
80,5 Iowa Terrace,Lulu,Female,"{""type"":""Buffer"",""data"":[0]}",Loud
81,88439 Corry Center,Corissa,Female,"{""type"":""Buffer"",""data"":[0]}",Dawber
82,503 Sullivan Terrace,Lia,Female,"{""type"":""Buffer"",""data"":[1]}",Fredi
83,64 Gulseth Place,Spencer,Male,"{""type"":""Buffer"",""data"":[0]}",Syer
84,30 Coleman Center,Cordula,Female,"{""type"":""Buffer"",""data"":[1]}",Pulster
85,6116 Chinook Hill,Dugald,Male,"{""type"":""Buffer"",""data"":[0]}",Petyt
86,9 Manley Point,Amie,Female,"{""type"":""Buffer"",""data"":[1]}",Sleney
87,759 Fisk Crossing,Ezri,Male,"{""type"":""Buffer"",""data"":[1]}",Peaurt
88,47 Maywood Point,Carree,Female,"{""type"":""Buffer"",""data"":[0]}",Larenson
89,04 Hauk Parkway,Barbaraanne,Female,"{""type"":""Buffer"",""data"":[1]}",York
90,0 Karstens Pass,Veronika,Female,"{""type"":""Buffer"",""data"":[0]}",Tavernor
91,519 Talisman Point,Lucian,Male,"{""type"":""Buffer"",""data"":[0]}",Terbruggen
92,873 Sunfield Plaza,Dyan,Female,"{""type"":""Buffer"",""data"":[0]}",Donaghie
93,34 Novick Circle,Nichol,Female,"{""type"":""Buffer"",""data"":[0]}",Earie
94,66 Eagan Junction,Rey,Male,"{""type"":""Buffer"",""data"":[0]}",Shave
95,0154 Magdeline Trail,Edan,Male,"{""type"":""Buffer"",""data"":[1]}",Saltman
96,24502 Spenser Crossing,Jermaine,Female,"{""type"":""Buffer"",""data"":[1]}",Lundon
97,37 Sugar Pass,Stan,Male,"{""type"":""Buffer"",""data"":[1]}",Lowbridge
98,86665 Brickson Park Street,Mason,Male,"{""type"":""Buffer"",""data"":[0]}",Rosenhaus
99,8078 Crest Line Point,Willie,Male,"{""type"":""Buffer"",""data"":[1]}",Quarless
100,49 Crowley Hill,Raphaela,Female,"{""type"":""Buffer"",""data"":[0]}",Mixworthy
101,1643 Del Mar Place,Naoma,Female,"{""type"":""Buffer"",""data"":[1]}",O'Dowgaine
102,08522 Nancy Crossing,Kaile,Female,"{""type"":""Buffer"",""data"":[1]}",Whittlesee
103,11487 Eggendart Avenue,Reed,Male,"{""type"":""Buffer"",""data"":[1]}",Revill
104,4469 Novick Road,Cyrillus,Male,"{""type"":""Buffer"",""data"":[0]}",Graveson
105,9 Morrow Court,Lanie,Male,"{""type"":""Buffer"",""data"":[0]}",Ledbetter
106,329 Lillian Pass,Madalyn,Female,"{""type"":""Buffer"",""data"":[0]}",Melin
107,87 Jenifer Lane,Crichton,Male,"{""type"":""Buffer"",""data"":[0]}",Decort
108,725 Raven Hill,Darline,Female,"{""type"":""Buffer"",""data"":[1]}",Hacquoil
109,5 Pankratz Place,Annaliese,Female,"{""type"":""Buffer"",""data"":[1]}",Naughton
110,7 Lindbergh Crossing,Bertrand,Male,"{""type"":""Buffer"",""data"":[1]}",Matushevitz
111,3564 Bunting Avenue,Vonny,Female,"{""type"":""Buffer"",""data"":[1]}",Gypps
112,22348 Utah Lane,Orland,Male,"{""type"":""Buffer"",""data"":[1]}",Key
113,5 Ridgeway Court,Humbert,Male,"{""type"":""Buffer"",""data"":[0]}",Milnes
114,43445 Loeprich Terrace,Rudy,Male,"{""type"":""Buffer"",""data"":[1]}",Dudenie
115,00 Crescent Oaks Drive,Yancy,Male,"{""type"":""Buffer"",""data"":[0]}",Alster
116,9397 Dayton Park,Colman,Male,"{""type"":""Buffer"",""data"":[0]}",McClenan
117,7002 Warrior Road,Harris,Male,"{""type"":""Buffer"",""data"":[0]}",Keeffe
118,00 Barnett Alley,Maynord,Male,"{""type"":""Buffer"",""data"":[0]}",Mackilpatrick
119,526 Shopko Park,Jasmina,Female,"{""type"":""Buffer"",""data"":[0]}",Meindl
120,18061 Hintze Center,Thayne,Male,"{""type"":""Buffer"",""data"":[0]}",Lukasen
121,3 Sunbrook Parkway,Bink,Male,"{""type"":""Buffer"",""data"":[1]}",Thrussell
122,68496 Chinook Pass,Lazare,Male,"{""type"":""Buffer"",""data"":[1]}",Drewett
123,9 Sloan Hill,Shelby,Male,"{""type"":""Buffer"",""data"":[0]}",Parry
124,2 Dixon Place,Arv,Male,"{""type"":""Buffer"",""data"":[1]}",Hugill
125,885 Schurz Place,Xymenes,Male,"{""type"":""Buffer"",""data"":[0]}",Jahnke
126,8 Grover Avenue,Willem,Male,"{""type"":""Buffer"",""data"":[0]}",Henrie
127,5279 Roxbury Circle,Sly,Male,"{""type"":""Buffer"",""data"":[0]}",Arsmith
128,7 Charing Cross Hill,Riane,Female,"{""type"":""Buffer"",""data"":[0]}",Lamont
129,2 Old Gate Junction,Albertine,Female,"{""type"":""Buffer"",""data"":[0]}",Walcar
130,0 Manufacturers Road,Larissa,Female,"{""type"":""Buffer"",""data"":[0]}",Sherborne
131,122 Huxley Crossing,Prentice,Male,"{""type"":""Buffer"",""data"":[1]}",Touson
132,9 Spohn Trail,Jennilee,Female,"{""type"":""Buffer"",""data"":[0]}",Corrao
133,54 John Wall Court,Orelie,Female,"{""type"":""Buffer"",""data"":[0]}",Lahrs
134,86 Melby Crossing,Myriam,Female,"{""type"":""Buffer"",""data"":[0]}",Di Baudi
135,8 Thierer Drive,Ezekiel,Male,"{""type"":""Buffer"",""data"":[0]}",Anslow
136,58 Delladonna Plaza,Naoma,Female,"{""type"":""Buffer"",""data"":[0]}",Marjanski
137,38 Lukken Way,Fidel,Male,"{""type"":""Buffer"",""data"":[1]}",Crew
138,7 Dakota Alley,Karlie,Female,"{""type"":""Buffer"",""data"":[0]}",Obern
139,6 Columbus Center,Jessy,Female,"{""type"":""Buffer"",""data"":[0]}",Smithers
140,227 Westerfield Court,Gusella,Female,"{""type"":""Buffer"",""data"":[0]}",Burker
141,6443 Fairview Lane,Lana,Female,"{""type"":""Buffer"",""data"":[1]}",Grimsley
142,01087 Porter Pass,Sibyl,Male,"{""type"":""Buffer"",""data"":[0]}",Stokey
143,79344 Shasta Place,Terri,Male,"{""type"":""Buffer"",""data"":[0]}",Acaster
144,51816 Texas Junction,Em,Female,"{""type"":""Buffer"",""data"":[1]}",Lapidus
145,813 Holy Cross Alley,Mindy,Female,"{""type"":""Buffer"",""data"":[0]}",Normand
146,9327 Sunfield Terrace,Brynna,Female,"{""type"":""Buffer"",""data"":[1]}",Cluderay
147,31 Huxley Center,Doug,Male,"{""type"":""Buffer"",""data"":[0]}",Knibb
148,45651 Troy Drive,Babara,Female,"{""type"":""Buffer"",""data"":[0]}",Cansdall
149,01248 Del Mar Alley,Ethelyn,Female,"{""type"":""Buffer"",""data"":[1]}",Biddlestone
150,04093 New Castle Point,Farris,Male,"{""type"":""Buffer"",""data"":[0]}",Shearsby
151,93 Schmedeman Alley,Cory,Male,"{""type"":""Buffer"",""data"":[1]}",Jenicek
152,55 Bonner Place,Mae,Female,"{""type"":""Buffer"",""data"":[1]}",Jaye
153,73623 Loftsgordon Place,Cairistiona,Female,"{""type"":""Buffer"",""data"":[1]}",Kondratenya
154,6057 Paget Lane,Mareah,Female,"{""type"":""Buffer"",""data"":[1]}",Authers
155,4437 Morning Lane,Leia,Female,"{""type"":""Buffer"",""data"":[1]}",Lingner
156,411 Maywood Pass,Arte,Male,"{""type"":""Buffer"",""data"":[0]}",Chatan
157,68007 Westridge Lane,Nelly,Female,"{""type"":""Buffer"",""data"":[0]}",Mahoney
158,7 Hudson Center,Eliot,Male,"{""type"":""Buffer"",""data"":[0]}",D'Elias
159,94023 Carpenter Crossing,Nikolaus,Male,"{""type"":""Buffer"",""data"":[1]}",Hastin
160,3770 Cherokee Way,Brant,Male,"{""type"":""Buffer"",""data"":[1]}",Pawle
161,0762 Alpine Crossing,Monique,Female,"{""type"":""Buffer"",""data"":[1]}",Whanstall
162,209 Arizona Hill,Dael,Male,"{""type"":""Buffer"",""data"":[1]}",Lukash
163,02847 Holy Cross Center,Sheffie,Male,"{""type"":""Buffer"",""data"":[1]}",Van der Kruys
164,1158 Summer Ridge Pass,Salem,Male,"{""type"":""Buffer"",""data"":[1]}",Chesterton
165,2 Ryan Plaza,Bartie,Male,"{""type"":""Buffer"",""data"":[0]}",Reeme
166,59256 Tennessee Circle,Joshua,Male,"{""type"":""Buffer"",""data"":[0]}",Tucknutt
167,14868 Mcbride Circle,Robbi,Female,"{""type"":""Buffer"",""data"":[0]}",Simonetto
168,57037 Tony Park,Demetra,Female,"{""type"":""Buffer"",""data"":[1]}",Gehringer
169,10780 Victoria Way,Gradeigh,Male,"{""type"":""Buffer"",""data"":[0]}",Holsey
170,3647 Hansons Plaza,Minette,Female,"{""type"":""Buffer"",""data"":[1]}",Lockless
171,56573 Village Trail,Valida,Female,"{""type"":""Buffer"",""data"":[1]}",Huston
172,2658 Del Mar Point,Alida,Female,"{""type"":""Buffer"",""data"":[1]}",Brolan
173,68 Chinook Point,Eugine,Female,"{""type"":""Buffer"",""data"":[0]}",Curtin
174,5 Moland Plaza,Lionello,Male,"{""type"":""Buffer"",""data"":[0]}",Warboys
175,2867 Brickson Park Road,Arvie,Male,"{""type"":""Buffer"",""data"":[0]}",Ludlom
176,12 7th Terrace,Ganny,Male,"{""type"":""Buffer"",""data"":[0]}",Radleigh
177,679 Sutteridge Way,Saundra,Male,"{""type"":""Buffer"",""data"":[0]}",Fearfull
178,96 Green Ridge Terrace,Ardelia,Female,"{""type"":""Buffer"",""data"":[0]}",Lethebridge
179,812 Russell Junction,Clare,Female,"{""type"":""Buffer"",""data"":[0]}",Bolliver
180,47871 North Crossing,Flynn,Male,"{""type"":""Buffer"",""data"":[1]}",Millimoe
181,4175 Schiller Pass,Harbert,Male,"{""type"":""Buffer"",""data"":[0]}",Pengilley
182,7 Express Lane,Fred,Female,"{""type"":""Buffer"",""data"":[1]}",Spiers
183,12473 Eliot Park,Hatty,Female,"{""type"":""Buffer"",""data"":[0]}",Taylor
184,269 Pankratz Terrace,Cole,Male,"{""type"":""Buffer"",""data"":[1]}",Kenaway
185,1 International Way,Carly,Male,"{""type"":""Buffer"",""data"":[0]}",Bagenal
186,85065 Schiller Center,Elias,Male,"{""type"":""Buffer"",""data"":[1]}",Ryal
187,652 Heath Road,Jarrett,Male,"{""type"":""Buffer"",""data"":[1]}",Andreassen
188,9595 Toban Avenue,Damaris,Female,"{""type"":""Buffer"",""data"":[1]}",Upcott
189,89570 Golf Course Crossing,Cherilyn,Female,"{""type"":""Buffer"",""data"":[1]}",McMurthy
190,307 Pond Place,Irene,Female,"{""type"":""Buffer"",""data"":[0]}",Titcom
191,9 Helena Circle,Odella,Female,"{""type"":""Buffer"",""data"":[0]}",Gillinghams
192,114 Rowland Drive,Aprilette,Female,"{""type"":""Buffer"",""data"":[1]}",Sebert
193,856 Oneill Crossing,Curt,Male,"{""type"":""Buffer"",""data"":[0]}",Garvie
194,82 Luster Terrace,Min,Female,"{""type"":""Buffer"",""data"":[1]}",Krier
195,03 Straubel Parkway,Mac,Male,"{""type"":""Buffer"",""data"":[0]}",Bream
196,98238 Maple Wood Road,Justino,Male,"{""type"":""Buffer"",""data"":[1]}",Forgan
197,72785 Bashford Circle,Enos,Male,"{""type"":""Buffer"",""data"":[0]}",Buyers
198,6 Utah Avenue,Karee,Female,"{""type"":""Buffer"",""data"":[1]}",Duffree
199,158 Corscot Alley,Kalil,Male,"{""type"":""Buffer"",""data"":[0]}",D'Andrea
200,3 Graedel Lane,Muire,Female,"{""type"":""Buffer"",""data"":[0]}",Tarbin
201,0 Moose Alley,Cassy,Female,"{""type"":""Buffer"",""data"":[0]}",Turle
202,52754 Nancy Hill,Megan,Female,"{""type"":""Buffer"",""data"":[1]}",Hamor
203,0311 Service Avenue,Wittie,Male,"{""type"":""Buffer"",""data"":[1]}",Simonyi
204,9 Old Gate Point,Jecho,Male,"{""type"":""Buffer"",""data"":[1]}",Jervois
205,8 Derek Parkway,Karoline,Female,"{""type"":""Buffer"",""data"":[0]}",Fawckner
206,889 Northview Court,Rozella,Female,"{""type"":""Buffer"",""data"":[1]}",Fussell
207,839 Randy Avenue,Paulie,Male,"{""type"":""Buffer"",""data"":[1]}",Rosengren
208,3976 Declaration Lane,Harmony,Female,"{""type"":""Buffer"",""data"":[0]}",Mulhill
209,14418 Johnson Street,Nettle,Female,"{""type"":""Buffer"",""data"":[1]}",Dysert
210,72 Arizona Point,William,Male,"{""type"":""Buffer"",""data"":[0]}",Blackston
211,11 Trailsway Alley,Blaine,Male,"{""type"":""Buffer"",""data"":[1]}",Lipyeat
212,435 Holmberg Avenue,Barbi,Female,"{""type"":""Buffer"",""data"":[0]}",Semerad
213,1 Darwin Avenue,Silva,Female,"{""type"":""Buffer"",""data"":[0]}",Braz
214,20923 Boyd Park,Latashia,Female,"{""type"":""Buffer"",""data"":[0]}",Shilling
215,5 Basil Trail,Val,Male,"{""type"":""Buffer"",""data"":[1]}",Gheorghe
216,525 Chive Center,Greg,Male,"{""type"":""Buffer"",""data"":[1]}",Vanstone
217,3788 Stuart Street,Lancelot,Male,"{""type"":""Buffer"",""data"":[1]}",Rose
218,3765 Walton Plaza,Gwenni,Female,"{""type"":""Buffer"",""data"":[1]}",Jaumet
219,9 Emmet Hill,Franciskus,Male,"{""type"":""Buffer"",""data"":[0]}",Ogley
220,653 Maryland Court,Prent,Male,"{""type"":""Buffer"",""data"":[1]}",Boame
221,6 Northfield Alley,Wilone,Female,"{""type"":""Buffer"",""data"":[0]}",Shalloe
222,9324 Hazelcrest Drive,Phebe,Female,"{""type"":""Buffer"",""data"":[0]}",Mackriell
223,26 New Castle Plaza,Chantalle,Female,"{""type"":""Buffer"",""data"":[1]}",Ledgister
224,59647 Stuart Center,Katheryn,Female,"{""type"":""Buffer"",""data"":[1]}",Skipping
225,8294 Lakewood Gardens Terrace,Carin,Female,"{""type"":""Buffer"",""data"":[0]}",Derrett
226,753 Larry Avenue,Lorinda,Female,"{""type"":""Buffer"",""data"":[0]}",Ramsell
227,4 Merchant Pass,Rikki,Female,"{""type"":""Buffer"",""data"":[0]}",Sapsforde
228,55 Talmadge Crossing,Zach,Male,"{""type"":""Buffer"",""data"":[1]}",Vanyashin
229,3 Rigney Road,Finlay,Male,"{""type"":""Buffer"",""data"":[1]}",Bernaciak
230,2637 Transport Trail,Austin,Female,"{""type"":""Buffer"",""data"":[1]}",Ordidge
231,4819 Anniversary Court,Emmeline,Female,"{""type"":""Buffer"",""data"":[1]}",Kubasek
232,80842 Mesta Lane,Nickey,Male,"{""type"":""Buffer"",""data"":[1]}",Clell
233,42733 Stang Trail,Marrissa,Female,"{""type"":""Buffer"",""data"":[1]}",Dooher
234,44163 Bartelt Way,Allix,Female,"{""type"":""Buffer"",""data"":[1]}",Huscroft
235,33952 Lyons Trail,Brigham,Male,"{""type"":""Buffer"",""data"":[0]}",Vasenin
236,8 Fairview Trail,Abra,Female,"{""type"":""Buffer"",""data"":[1]}",Waddy
237,563 West Circle,Jacenta,Female,"{""type"":""Buffer"",""data"":[0]}",Ellwand
238,7 Ilene Way,Mandy,Female,"{""type"":""Buffer"",""data"":[0]}",Mulberry
239,21640 Evergreen Road,Robenia,Female,"{""type"":""Buffer"",""data"":[0]}",Poile
240,0 Melby Point,Gilles,Male,"{""type"":""Buffer"",""data"":[1]}",Braisted
241,0 Coolidge Place,Royall,Male,"{""type"":""Buffer"",""data"":[0]}",Kimbell
242,31637 Algoma Point,Thor,Male,"{""type"":""Buffer"",""data"":[0]}",Eddy
243,02 Dahle Circle,Grantham,Male,"{""type"":""Buffer"",""data"":[0]}",Awde
244,4 Victoria Alley,Ernie,Male,"{""type"":""Buffer"",""data"":[1]}",Sowley
245,85 Mesta Pass,Filia,Female,"{""type"":""Buffer"",""data"":[1]}",Seed
246,20022 Gina Park,Jordanna,Female,"{""type"":""Buffer"",""data"":[0]}",Peniello
247,050 Marcy Hill,Chaim,Male,"{""type"":""Buffer"",""data"":[0]}",Gretton
248,04 Aberg Way,Ofella,Female,"{""type"":""Buffer"",""data"":[0]}",Mogford
249,9 Center Place,Wainwright,Male,"{""type"":""Buffer"",""data"":[1]}",Babbs
250,4406 Riverside Point,Leann,Female,"{""type"":""Buffer"",""data"":[0]}",Barkley
251,71 International Point,Mohandas,Male,"{""type"":""Buffer"",""data"":[0]}",Baseggio
252,99 Pepper Wood Road,Thorsten,Male,"{""type"":""Buffer"",""data"":[0]}",De Winton
253,7 Beilfuss Alley,Darell,Female,"{""type"":""Buffer"",""data"":[0]}",Aslum
254,25 Merchant Junction,Scotty,Male,"{""type"":""Buffer"",""data"":[0]}",Swindell
255,967 Hermina Lane,Levi,Male,"{""type"":""Buffer"",""data"":[1]}",Ducaen
256,7 Drewry Lane,Fransisco,Male,"{""type"":""Buffer"",""data"":[0]}",Perrelle
257,68505 3rd Way,Iolanthe,Female,"{""type"":""Buffer"",""data"":[0]}",Luberti
258,50 Westend Way,Correy,Female,"{""type"":""Buffer"",""data"":[0]}",Jerrom
259,23968 Lawn Road,Callida,Female,"{""type"":""Buffer"",""data"":[1]}",Brickell
260,46 Westport Park,Rhett,Male,"{""type"":""Buffer"",""data"":[0]}",Rablan
261,1807 Carpenter Way,Francine,Female,"{""type"":""Buffer"",""data"":[1]}",Pillman
262,365 Maywood Alley,Bald,Male,"{""type"":""Buffer"",""data"":[0]}",Salery
263,51 Gina Lane,Yelena,Female,"{""type"":""Buffer"",""data"":[0]}",Keri
264,38867 Thierer Hill,Josy,Female,"{""type"":""Buffer"",""data"":[1]}",Straneo
265,4 Becker Alley,Erda,Female,"{""type"":""Buffer"",""data"":[0]}",Derington
266,930 Melby Lane,Suki,Female,"{""type"":""Buffer"",""data"":[0]}",Feldman
267,918 Texas Pass,Brigitte,Female,"{""type"":""Buffer"",""data"":[0]}",Rozenbaum
268,3 Mendota Trail,Kate,Female,"{""type"":""Buffer"",""data"":[1]}",Peatman
269,0951 Pond Alley,Myrtice,Female,"{""type"":""Buffer"",""data"":[1]}",Berrington
270,2091 Mendota Lane,Loraine,Female,"{""type"":""Buffer"",""data"":[1]}",Fawley
271,457 Northfield Lane,Findlay,Male,"{""type"":""Buffer"",""data"":[0]}",Stapley
272,482 Prairieview Street,Sigfried,Male,"{""type"":""Buffer"",""data"":[1]}",Kinnaird
273,87990 Fremont Drive,Arie,Male,"{""type"":""Buffer"",""data"":[1]}",Tolliday
274,60 Golden Leaf Terrace,Sophi,Female,"{""type"":""Buffer"",""data"":[0]}",de Courcey
275,841 Marcy Parkway,Brewster,Male,"{""type"":""Buffer"",""data"":[1]}",Peddowe
276,82903 Swallow Junction,Liana,Female,"{""type"":""Buffer"",""data"":[0]}",Dewicke
277,36 Burning Wood Court,Olly,Male,"{""type"":""Buffer"",""data"":[0]}",Uccelli
278,04 Kedzie Lane,Belva,Female,"{""type"":""Buffer"",""data"":[0]}",Baudinet
279,80 Emmet Court,Maggee,Female,"{""type"":""Buffer"",""data"":[1]}",Sidery
280,2551 Clemons Avenue,Ingelbert,Male,"{""type"":""Buffer"",""data"":[0]}",Silverthorn
281,1 Mariners Cove Court,Tyne,Female,"{""type"":""Buffer"",""data"":[1]}",Danilovitch
282,2 Reindahl Drive,Kendell,Male,"{""type"":""Buffer"",""data"":[1]}",Quixley
283,10610 American Ash Crossing,Casey,Female,"{""type"":""Buffer"",""data"":[1]}",Revely
284,0038 Menomonie Court,Gabriel,Female,"{""type"":""Buffer"",""data"":[1]}",Gales
285,09 Corry Trail,Imelda,Female,"{""type"":""Buffer"",""data"":[0]}",D'Cruze
286,98958 Anzinger Alley,Jayson,Male,"{""type"":""Buffer"",""data"":[0]}",Templman
287,96047 Moland Alley,Liv,Female,"{""type"":""Buffer"",""data"":[1]}",Willden
288,8 Mosinee Street,Rosaline,Female,"{""type"":""Buffer"",""data"":[1]}",Van Cassel
289,0 Crowley Terrace,Darline,Female,"{""type"":""Buffer"",""data"":[1]}",Feasey
290,249 Bunting Center,Wilow,Female,"{""type"":""Buffer"",""data"":[1]}",Knagges
291,91 Dryden Way,Paolo,Male,"{""type"":""Buffer"",""data"":[0]}",Greenshields
292,6329 Stuart Way,Denny,Male,"{""type"":""Buffer"",""data"":[1]}",Rosander
293,18386 Rockefeller Plaza,Wilburt,Male,"{""type"":""Buffer"",""data"":[1]}",Mussington
294,714 Truax Circle,Bryn,Female,"{""type"":""Buffer"",""data"":[0]}",Forster
295,9326 Brentwood Lane,Rolf,Male,"{""type"":""Buffer"",""data"":[1]}",Boot
296,777 Stephen Point,Dominick,Male,"{""type"":""Buffer"",""data"":[0]}",Wetwood
297,1 Grasskamp Terrace,Guntar,Male,"{""type"":""Buffer"",""data"":[0]}",Garrad
298,659 Novick Hill,Nehemiah,Male,"{""type"":""Buffer"",""data"":[0]}",Lowndsborough
299,2260 Eagle Crest Road,Jase,Male,"{""type"":""Buffer"",""data"":[0]}",Gostick
300,83 Homewood Plaza,Fairfax,Male,"{""type"":""Buffer"",""data"":[1]}",Shatliffe
301,0309 Packers Road,Holden,Male,"{""type"":""Buffer"",""data"":[0]}",Duligal
302,3 Homewood Avenue,Ian,Male,"{""type"":""Buffer"",""data"":[1]}",Larose
303,22995 Logan Street,Chaddy,Male,"{""type"":""Buffer"",""data"":[0]}",O'Sheerin
304,7 Luster Crossing,Mirna,Female,"{""type"":""Buffer"",""data"":[0]}",Collyear
305,242 Bellgrove Parkway,Carree,Female,"{""type"":""Buffer"",""data"":[1]}",Chipperfield
306,4434 Miller Park,Bard,Male,"{""type"":""Buffer"",""data"":[1]}",Wickey
307,3 Dayton Junction,Jami,Female,"{""type"":""Buffer"",""data"":[0]}",Daniau
308,9 Northridge Hill,Pauly,Female,"{""type"":""Buffer"",""data"":[0]}",Varrow
309,72267 Mallard Junction,Rudolph,Male,"{""type"":""Buffer"",""data"":[1]}",D'Ambrogi
310,32678 Redwing Lane,Merrick,Male,"{""type"":""Buffer"",""data"":[0]}",Meekings
311,629 Anzinger Plaza,Vanya,Female,"{""type"":""Buffer"",""data"":[0]}",Olivey
312,02 Bonner Trail,Camellia,Female,"{""type"":""Buffer"",""data"":[0]}",Rea
313,48428 Old Gate Hill,Madlen,Female,"{""type"":""Buffer"",""data"":[1]}",Pahlsson
314,232 Claremont Lane,Hilliard,Male,"{""type"":""Buffer"",""data"":[0]}",Andrich
315,21 Roth Lane,Nickey,Male,"{""type"":""Buffer"",""data"":[1]}",Baker
316,799 Dovetail Circle,Wallace,Male,"{""type"":""Buffer"",""data"":[0]}",Ladell
317,7 Shasta Terrace,Crissy,Female,"{""type"":""Buffer"",""data"":[1]}",Loren
318,4830 Colorado Court,Lorie,Female,"{""type"":""Buffer"",""data"":[0]}",Cresar
319,1 Loomis Center,Arthur,Male,"{""type"":""Buffer"",""data"":[1]}",Gosford
320,2 Derek Trail,Jeanelle,Female,"{""type"":""Buffer"",""data"":[0]}",Aspling
321,90405 Luster Crossing,June,Female,"{""type"":""Buffer"",""data"":[1]}",Mirralls
322,83211 Glendale Circle,Dag,Male,"{""type"":""Buffer"",""data"":[1]}",Bladon
323,072 Summer Ridge Junction,Raimund,Male,"{""type"":""Buffer"",""data"":[0]}",Moscon
324,320 Di Loreto Parkway,Kizzee,Female,"{""type"":""Buffer"",""data"":[1]}",Roycraft
325,3 Del Mar Crossing,Kelci,Female,"{""type"":""Buffer"",""data"":[0]}",Jurn
326,2 Riverside Crossing,Alva,Male,"{""type"":""Buffer"",""data"":[1]}",Taysbil
327,0708 Blaine Center,Gav,Male,"{""type"":""Buffer"",""data"":[0]}",Rudham
328,8 Havey Court,Aleen,Female,"{""type"":""Buffer"",""data"":[1]}",Font
329,057 Valley Edge Alley,Betsy,Female,"{""type"":""Buffer"",""data"":[1]}",Feeham
330,0494 4th Trail,Sheffie,Male,"{""type"":""Buffer"",""data"":[1]}",Kindon
331,9738 Hallows Way,Drake,Male,"{""type"":""Buffer"",""data"":[1]}",Oxbe
332,7 Manufacturers Pass,Griff,Male,"{""type"":""Buffer"",""data"":[1]}",Dunphie
333,9201 Roxbury Alley,Aimil,Female,"{""type"":""Buffer"",""data"":[1]}",Priestman
334,512 Karstens Crossing,Norene,Female,"{""type"":""Buffer"",""data"":[1]}",Guichard
335,7119 Schlimgen Trail,Tedman,Male,"{""type"":""Buffer"",""data"":[0]}",Falloon
336,8400 Reindahl Circle,Dana,Male,"{""type"":""Buffer"",""data"":[0]}",Jarrett
337,59 Pine View Avenue,Candra,Female,"{""type"":""Buffer"",""data"":[0]}",Rudyard
338,74 Blue Bill Park Trail,Twyla,Female,"{""type"":""Buffer"",""data"":[1]}",Yapp
339,6 Washington Park,Andras,Male,"{""type"":""Buffer"",""data"":[0]}",Risdale
340,12 Crowley Street,Adolphus,Male,"{""type"":""Buffer"",""data"":[0]}",McCumskay
341,73 Ohio Pass,Rikki,Male,"{""type"":""Buffer"",""data"":[1]}",Wille
342,326 Delladonna Crossing,Stacie,Female,"{""type"":""Buffer"",""data"":[0]}",Allgood
343,752 Loftsgordon Court,Demetrius,Male,"{""type"":""Buffer"",""data"":[1]}",Copnell
344,45 Elmside Street,Myca,Male,"{""type"":""Buffer"",""data"":[1]}",Normanell
345,15719 New Castle Court,Jemimah,Female,"{""type"":""Buffer"",""data"":[0]}",Mollon
346,31895 Cardinal Road,Edgard,Male,"{""type"":""Buffer"",""data"":[1]}",Reany
347,9 Little Fleur Pass,Ronda,Female,"{""type"":""Buffer"",""data"":[0]}",Rudinger
348,592 East Terrace,Bendick,Male,"{""type"":""Buffer"",""data"":[1]}",Mander
349,1204 Ramsey Drive,Borg,Male,"{""type"":""Buffer"",""data"":[1]}",Schurcke
350,591 Scott Point,Michelle,Female,"{""type"":""Buffer"",""data"":[1]}",Melloi
351,6 Kedzie Hill,Max,Male,"{""type"":""Buffer"",""data"":[0]}",Charke
352,02815 Packers Pass,Brandy,Male,"{""type"":""Buffer"",""data"":[1]}",Tantrum
353,32 Chive Plaza,Lynnette,Female,"{""type"":""Buffer"",""data"":[0]}",Craister
354,05 Ruskin Street,Scarface,Male,"{""type"":""Buffer"",""data"":[0]}",Treverton
355,195 Harbort Road,Humfried,Male,"{""type"":""Buffer"",""data"":[0]}",Westoll
356,819 Hanover Street,Germain,Male,"{""type"":""Buffer"",""data"":[1]}",Pears
357,36610 Autumn Leaf Road,Rance,Male,"{""type"":""Buffer"",""data"":[1]}",Studart
358,92 Forest Way,Hetty,Female,"{""type"":""Buffer"",""data"":[1]}",Dansey
359,37044 Elmside Way,Chantalle,Female,"{""type"":""Buffer"",""data"":[0]}",Paur
360,6256 Kennedy Court,Cece,Male,"{""type"":""Buffer"",""data"":[1]}",Soutter
361,296 Rusk Junction,Laura,Female,"{""type"":""Buffer"",""data"":[1]}",Giacometti
362,586 Green Ridge Plaza,Letty,Female,"{""type"":""Buffer"",""data"":[0]}",Wooffitt
363,631 Sunbrook Circle,Lexy,Female,"{""type"":""Buffer"",""data"":[0]}",Francois
364,08 Boyd Trail,Michael,Male,"{""type"":""Buffer"",""data"":[0]}",Wenman
365,9 Stone Corner Point,Johnathon,Male,"{""type"":""Buffer"",""data"":[0]}",Wolver
366,89862 Forster Place,Nikolas,Male,"{""type"":""Buffer"",""data"":[0]}",Beekmann
367,336 Old Shore Junction,Robers,Male,"{""type"":""Buffer"",""data"":[0]}",Capponeer
368,8161 Sunfield Road,Remington,Male,"{""type"":""Buffer"",""data"":[1]}",Donahue
369,1253 Forest Dale Pass,Gerek,Male,"{""type"":""Buffer"",""data"":[0]}",Parmenter
370,432 Glacier Hill Lane,Killy,Male,"{""type"":""Buffer"",""data"":[0]}",Gazey
371,81 Oxford Crossing,Conway,Male,"{""type"":""Buffer"",""data"":[1]}",Stathor
372,1122 Stuart Road,Abel,Male,"{""type"":""Buffer"",""data"":[1]}",Nicolson
373,3773 Del Sol Court,Rutledge,Male,"{""type"":""Buffer"",""data"":[1]}",Fantonetti
374,943 Kings Pass,Franciskus,Male,"{""type"":""Buffer"",""data"":[0]}",Ludlom
375,5 Kings Alley,Yanaton,Male,"{""type"":""Buffer"",""data"":[1]}",Wickes
376,4 Chive Court,Moore,Male,"{""type"":""Buffer"",""data"":[0]}",Nardi
377,4875 Memorial Street,Merilyn,Female,"{""type"":""Buffer"",""data"":[0]}",Martellini
378,4 Lawn Circle,Biddy,Female,"{""type"":""Buffer"",""data"":[1]}",Szubert
379,817 Corscot Center,Natal,Male,"{""type"":""Buffer"",""data"":[1]}",Sutheran
380,366 Holy Cross Parkway,Van,Male,"{""type"":""Buffer"",""data"":[1]}",Barber
381,2239 Shelley Avenue,Gustav,Male,"{""type"":""Buffer"",""data"":[1]}",Ruzic
382,659 Dakota Avenue,Amelina,Female,"{""type"":""Buffer"",""data"":[0]}",Ibeson
383,20748 Norway Maple Junction,Slade,Male,"{""type"":""Buffer"",""data"":[1]}",Samme
384,1082 Fulton Plaza,Zacharie,Male,"{""type"":""Buffer"",""data"":[0]}",Fomichyov
385,9 Birchwood Road,Emmaline,Female,"{""type"":""Buffer"",""data"":[1]}",Picton
386,04922 Bunting Plaza,Wandie,Female,"{""type"":""Buffer"",""data"":[1]}",Cowing
387,84 Petterle Place,Urson,Male,"{""type"":""Buffer"",""data"":[0]}",De Giorgis
388,542 Forster Junction,Luciano,Male,"{""type"":""Buffer"",""data"":[0]}",Lamden
389,8116 Red Cloud Lane,Phip,Male,"{""type"":""Buffer"",""data"":[0]}",Stickens
390,208 Dayton Pass,Dallas,Female,"{""type"":""Buffer"",""data"":[0]}",McMains
391,08 Haas Way,Amelie,Female,"{""type"":""Buffer"",""data"":[1]}",Baudains
392,3217 Logan Place,Leoine,Female,"{""type"":""Buffer"",""data"":[0]}",Salerno
393,656 Dorton Way,Daisi,Female,"{""type"":""Buffer"",""data"":[0]}",Cleary
394,53 Pleasure Terrace,Klaus,Male,"{""type"":""Buffer"",""data"":[1]}",Rolland
395,9310 Maryland Point,Leonid,Male,"{""type"":""Buffer"",""data"":[1]}",Ewins
396,9669 Redwing Parkway,Idalia,Female,"{""type"":""Buffer"",""data"":[1]}",Spiteri
397,64 Rigney Way,Sybil,Female,"{""type"":""Buffer"",""data"":[1]}",Battell
398,7 Cottonwood Lane,Ferrel,Male,"{""type"":""Buffer"",""data"":[0]}",Schrieves
399,799 Oak Valley Parkway,Cindee,Female,"{""type"":""Buffer"",""data"":[0]}",Inchley
400,83 Mandrake Plaza,Edna,Female,"{""type"":""Buffer"",""data"":[1]}",Parkisson
401,1 Carpenter Street,Elvera,Female,"{""type"":""Buffer"",""data"":[1]}",Epp
402,77 Beilfuss Way,Seka,Female,"{""type"":""Buffer"",""data"":[0]}",Pipping
403,9942 Fieldstone Lane,Wes,Male,"{""type"":""Buffer"",""data"":[0]}",Hadcroft
404,4 Northridge Trail,Eduard,Male,"{""type"":""Buffer"",""data"":[1]}",Pullan
405,080 Meadow Vale Trail,Lorrayne,Female,"{""type"":""Buffer"",""data"":[0]}",Peever
406,3 Briar Crest Trail,Nomi,Female,"{""type"":""Buffer"",""data"":[0]}",Grebbin
407,52 Katie Alley,Petrina,Female,"{""type"":""Buffer"",""data"":[0]}",Dytham
408,06 Merchant Point,Mikey,Male,"{""type"":""Buffer"",""data"":[0]}",Goldsack
409,2136 Thompson Circle,Urbain,Male,"{""type"":""Buffer"",""data"":[1]}",Sparrowhawk
410,2380 Grim Hill,Tomas,Male,"{""type"":""Buffer"",""data"":[1]}",Hartzogs
411,126 Red Cloud Way,Erich,Male,"{""type"":""Buffer"",""data"":[1]}",Croose
412,27598 Sherman Terrace,Danny,Male,"{""type"":""Buffer"",""data"":[0]}",Hussy
413,6967 Susan Center,Susi,Female,"{""type"":""Buffer"",""data"":[1]}",Hutten
414,072 Cody Road,Ronald,Male,"{""type"":""Buffer"",""data"":[0]}",Kippins
415,88247 Stang Alley,Dudley,Male,"{""type"":""Buffer"",""data"":[1]}",Monckton
416,409 Pepper Wood Drive,Ardeen,Female,"{""type"":""Buffer"",""data"":[1]}",Ottosen
417,227 Montana Junction,Barb,Female,"{""type"":""Buffer"",""data"":[1]}",Moulson
418,9 Maywood Lane,Sandye,Female,"{""type"":""Buffer"",""data"":[0]}",Kemmer
419,3194 Kenwood Point,Malory,Female,"{""type"":""Buffer"",""data"":[1]}",Farmery
420,902 Redwing Hill,Jerrome,Male,"{""type"":""Buffer"",""data"":[0]}",Kernar
421,84691 Stephen Plaza,Damaris,Female,"{""type"":""Buffer"",""data"":[0]}",Sheavills
422,43371 Stuart Alley,Shina,Female,"{""type"":""Buffer"",""data"":[0]}",Gager
423,97178 West Lane,Karin,Female,"{""type"":""Buffer"",""data"":[0]}",Ruske
424,06755 Village Green Hill,Shelli,Female,"{""type"":""Buffer"",""data"":[0]}",Rimbault
425,2 Fuller Alley,Woodrow,Male,"{""type"":""Buffer"",""data"":[1]}",O'Sheilds
426,926 Swallow Alley,Garnette,Female,"{""type"":""Buffer"",""data"":[1]}",Mcmanaman
427,81 Moland Park,Lothaire,Male,"{""type"":""Buffer"",""data"":[1]}",Ballaam
428,910 Sunnyside Lane,Delora,Female,"{""type"":""Buffer"",""data"":[1]}",Doolan
429,401 Welch Trail,Riley,Male,"{""type"":""Buffer"",""data"":[1]}",Sheavills
430,348 Fordem Point,Babita,Female,"{""type"":""Buffer"",""data"":[1]}",Baitson
431,49039 Maple Center,Saw,Male,"{""type"":""Buffer"",""data"":[0]}",Burris
432,17253 Knutson Avenue,Ephrem,Male,"{""type"":""Buffer"",""data"":[1]}",Lowles
433,5 Tomscot Way,Cris,Female,"{""type"":""Buffer"",""data"":[0]}",Habble
434,77974 Service Terrace,Gladi,Female,"{""type"":""Buffer"",""data"":[1]}",Pither
435,3 5th Avenue,Den,Male,"{""type"":""Buffer"",""data"":[0]}",Phythean
436,401 Cottonwood Park,Anita,Female,"{""type"":""Buffer"",""data"":[1]}",Kynoch
437,77153 Bartillon Center,Herculie,Male,"{""type"":""Buffer"",""data"":[1]}",Amori
438,9 Hauk Way,Linell,Female,"{""type"":""Buffer"",""data"":[0]}",Hanaford
439,83 Larry Circle,Blayne,Male,"{""type"":""Buffer"",""data"":[0]}",Grafham
440,83 Green Court,Patrica,Female,"{""type"":""Buffer"",""data"":[1]}",Showell
441,0 Cordelia Terrace,Menard,Male,"{""type"":""Buffer"",""data"":[0]}",Cannavan
442,4 Armistice Alley,Verena,Female,"{""type"":""Buffer"",""data"":[0]}",Syfax
443,9 Gateway Crossing,Retha,Female,"{""type"":""Buffer"",""data"":[1]}",Gealle
444,48 Hauk Road,Christina,Female,"{""type"":""Buffer"",""data"":[1]}",Edmenson
445,58425 Ilene Plaza,Hayes,Male,"{""type"":""Buffer"",""data"":[0]}",McGriele
446,0431 Orin Center,Thebault,Male,"{""type"":""Buffer"",""data"":[0]}",Eames
447,72798 Shoshone Drive,Rawley,Male,"{""type"":""Buffer"",""data"":[1]}",Eric
448,68 Bartelt Way,Torey,Female,"{""type"":""Buffer"",""data"":[0]}",Olcot
449,99201 Sutherland Plaza,Diannne,Female,"{""type"":""Buffer"",""data"":[1]}",Ochterlonie
450,5282 Thierer Junction,Nonna,Female,"{""type"":""Buffer"",""data"":[0]}",Braisher
451,3508 Jenifer Way,Garret,Male,"{""type"":""Buffer"",""data"":[0]}",Walklett
452,7073 Goodland Court,Sayers,Male,"{""type"":""Buffer"",""data"":[0]}",Kepp
453,9487 Thackeray Point,Jeddy,Male,"{""type"":""Buffer"",""data"":[0]}",Moneti
454,34787 Bashford Crossing,Starlin,Female,"{""type"":""Buffer"",""data"":[0]}",Redolfi
455,85 Kensington Court,Leora,Female,"{""type"":""Buffer"",""data"":[1]}",Thorius
456,4711 Dryden Park,Binny,Female,"{""type"":""Buffer"",""data"":[0]}",Gellert
457,364 Meadow Ridge Crossing,Kirstyn,Female,"{""type"":""Buffer"",""data"":[0]}",Grayham
458,93 School Plaza,Billie,Male,"{""type"":""Buffer"",""data"":[0]}",McDonand
459,89 Mendota Drive,Den,Male,"{""type"":""Buffer"",""data"":[1]}",Tink
460,1738 Gulseth Street,Tobias,Male,"{""type"":""Buffer"",""data"":[1]}",Burgne
461,61379 Oriole Hill,Jarrid,Male,"{""type"":""Buffer"",""data"":[1]}",Dullard
462,4753 Hagan Street,Hervey,Male,"{""type"":""Buffer"",""data"":[0]}",Gilyatt
463,8 Hazelcrest Parkway,Webb,Male,"{""type"":""Buffer"",""data"":[0]}",Paddon
464,344 Blaine Court,Dar,Male,"{""type"":""Buffer"",""data"":[0]}",Colpus
465,2342 Esker Circle,Ursola,Female,"{""type"":""Buffer"",""data"":[1]}",Odd
466,4748 Stoughton Avenue,Emerson,Male,"{""type"":""Buffer"",""data"":[1]}",Sidlow
467,82806 Amoth Point,Wilmer,Male,"{""type"":""Buffer"",""data"":[0]}",MacCahey
468,70137 Oneill Junction,Alwyn,Male,"{""type"":""Buffer"",""data"":[1]}",Swadlen
469,73575 Harper Place,Raffarty,Male,"{""type"":""Buffer"",""data"":[0]}",Bricksey
470,4 Warbler Terrace,Kiri,Female,"{""type"":""Buffer"",""data"":[1]}",Stuart
471,7532 Moland Pass,Lexy,Female,"{""type"":""Buffer"",""data"":[1]}",Andrus
472,56 Sloan Junction,Karlik,Male,"{""type"":""Buffer"",""data"":[1]}",Blake
473,7 Bonner Hill,Juliet,Female,"{""type"":""Buffer"",""data"":[0]}",Swan
474,231 1st Alley,Katuscha,Female,"{""type"":""Buffer"",""data"":[1]}",Brisco
475,99 Jay Alley,Davide,Male,"{""type"":""Buffer"",""data"":[0]}",McDuall
476,4027 Blaine Place,Andrus,Male,"{""type"":""Buffer"",""data"":[0]}",Bartolic
477,68471 Waywood Pass,Colette,Female,"{""type"":""Buffer"",""data"":[0]}",Botten
478,30266 Onsgard Alley,Selma,Female,"{""type"":""Buffer"",""data"":[1]}",Dunston
479,3 Rutledge Center,Bent,Male,"{""type"":""Buffer"",""data"":[0]}",Abberley
480,3286 Anderson Avenue,Svend,Male,"{""type"":""Buffer"",""data"":[1]}",Chesworth
481,65 Artisan Avenue,Liliane,Female,"{""type"":""Buffer"",""data"":[1]}",Ferrone
482,227 Ridge Oak Junction,Darsey,Female,"{""type"":""Buffer"",""data"":[0]}",Oxshott
483,665 Oak Valley Alley,Koral,Female,"{""type"":""Buffer"",""data"":[0]}",O'Donoghue
484,9 Sauthoff Center,Kelila,Female,"{""type"":""Buffer"",""data"":[1]}",Jickles
485,93971 Arapahoe Junction,Asher,Male,"{""type"":""Buffer"",""data"":[1]}",Schmuhl
486,0 Emmet Terrace,Betsy,Female,"{""type"":""Buffer"",""data"":[1]}",Winstanley
487,2 Farragut Point,Berke,Male,"{""type"":""Buffer"",""data"":[0]}",Maudett
488,02 Golf Course Court,Lira,Female,"{""type"":""Buffer"",""data"":[1]}",Gilman
489,086 Memorial Circle,Libbey,Female,"{""type"":""Buffer"",""data"":[0]}",Gettins
490,4505 Washington Place,Marylinda,Female,"{""type"":""Buffer"",""data"":[1]}",Draysay
491,23 Blue Bill Park Lane,Dotti,Female,"{""type"":""Buffer"",""data"":[1]}",Chaldecott
492,09268 Summer Ridge Street,Leone,Female,"{""type"":""Buffer"",""data"":[1]}",Britt
493,69385 Farmco Terrace,Luca,Male,"{""type"":""Buffer"",""data"":[1]}",Handforth
494,438 Sloan Road,Alberta,Female,"{""type"":""Buffer"",""data"":[1]}",Leyband
495,4497 Ronald Regan Terrace,Skipton,Male,"{""type"":""Buffer"",""data"":[1]}",Fitzackerley
496,72 Corscot Way,Beitris,Female,"{""type"":""Buffer"",""data"":[0]}",Bissiker
497,40059 Kim Street,Brynn,Female,"{""type"":""Buffer"",""data"":[0]}",Woodger
498,35905 Bluejay Street,Amby,Male,"{""type"":""Buffer"",""data"":[0]}",Ballintyne
499,9 Bluestem Court,Lance,Male,"{""type"":""Buffer"",""data"":[1]}",Pummell
500,7 Holmberg Street,Woodie,Male,"{""type"":""Buffer"",""data"":[1]}",Semrad
501,2 Mcbride Pass,Daune,Female,"{""type"":""Buffer"",""data"":[1]}",Carwithim
502,76126 Dottie Pass,Binny,Female,"{""type"":""Buffer"",""data"":[0]}",Tomaszczyk
503,7 Jenifer Crossing,Sandro,Male,"{""type"":""Buffer"",""data"":[0]}",Somner
504,892 Duke Place,Harriott,Female,"{""type"":""Buffer"",""data"":[0]}",Saterthwait
505,11264 Nancy Avenue,Morgen,Male,"{""type"":""Buffer"",""data"":[1]}",Salvage
506,159 Pleasure Pass,Chiquita,Female,"{""type"":""Buffer"",""data"":[1]}",Di Maria
507,54 Judy Avenue,Fidelity,Female,"{""type"":""Buffer"",""data"":[0]}",Saunper
508,6042 Jana Pass,Brande,Female,"{""type"":""Buffer"",""data"":[0]}",Whyteman
509,51 Superior Park,Bucky,Male,"{""type"":""Buffer"",""data"":[1]}",Swatland
510,197 Springview Crossing,Krystalle,Female,"{""type"":""Buffer"",""data"":[1]}",Eliesco
511,04740 Monica Street,Alvy,Male,"{""type"":""Buffer"",""data"":[0]}",Folley
512,4 Corben Parkway,Ave,Male,"{""type"":""Buffer"",""data"":[1]}",Thirlwall
513,0 Onsgard Hill,Hamlen,Male,"{""type"":""Buffer"",""data"":[1]}",Paramor
514,71543 Hoard Parkway,Letty,Female,"{""type"":""Buffer"",""data"":[0]}",Rameaux
515,62218 Bellgrove Park,Jermain,Male,"{""type"":""Buffer"",""data"":[0]}",Debell
516,290 American Ash Point,Gal,Male,"{""type"":""Buffer"",""data"":[0]}",McKeney
517,5 Dennis Hill,Hynda,Female,"{""type"":""Buffer"",""data"":[1]}",Sawers
518,765 Sycamore Point,Lukas,Male,"{""type"":""Buffer"",""data"":[0]}",Cinelli
519,20182 Ronald Regan Center,Raynell,Female,"{""type"":""Buffer"",""data"":[0]}",Runcie
520,823 David Circle,Meghan,Female,"{""type"":""Buffer"",""data"":[1]}",Vannozzii
521,14 Barby Junction,Hannie,Female,"{""type"":""Buffer"",""data"":[0]}",Neggrini
522,154 New Castle Crossing,De,Female,"{""type"":""Buffer"",""data"":[0]}",Wakerley
523,4086 Sommers Pass,Tailor,Male,"{""type"":""Buffer"",""data"":[0]}",Reddin
524,16123 Amoth Circle,Frans,Male,"{""type"":""Buffer"",""data"":[0]}",Yockley
525,8 Almo Way,Sigmund,Male,"{""type"":""Buffer"",""data"":[1]}",Slorach
526,89615 Bobwhite Trail,Noell,Female,"{""type"":""Buffer"",""data"":[1]}",Raise
527,4064 Forest Road,Quinn,Male,"{""type"":""Buffer"",""data"":[0]}",Kender
528,80910 Monterey Place,Lisha,Female,"{""type"":""Buffer"",""data"":[0]}",Leuren
529,31 Moland Park,Keary,Male,"{""type"":""Buffer"",""data"":[1]}",Christopherson
530,17 Bonner Junction,Ira,Female,"{""type"":""Buffer"",""data"":[0]}",Gildersleeve
531,50 Pine View Circle,Josiah,Male,"{""type"":""Buffer"",""data"":[1]}",Wholesworth
532,990 Rowland Circle,Pietro,Male,"{""type"":""Buffer"",""data"":[1]}",Zannolli
533,0 Beilfuss Court,Murial,Female,"{""type"":""Buffer"",""data"":[1]}",McTurlough
534,27406 Gale Park,Madelin,Female,"{""type"":""Buffer"",""data"":[0]}",Dorman
535,6965 Starling Court,Archibaldo,Male,"{""type"":""Buffer"",""data"":[1]}",Blomfield
536,25 Hanson Avenue,Rolph,Male,"{""type"":""Buffer"",""data"":[1]}",Chadwyck
537,87275 Westport Street,Remus,Male,"{""type"":""Buffer"",""data"":[0]}",Cowle
538,495 Prentice Center,Cordell,Male,"{""type"":""Buffer"",""data"":[1]}",Edson
539,9 5th Point,Morton,Male,"{""type"":""Buffer"",""data"":[0]}",Desseine
540,0 American Crossing,Belicia,Female,"{""type"":""Buffer"",""data"":[0]}",Wessell
541,5288 Raven Center,Ava,Female,"{""type"":""Buffer"",""data"":[0]}",Maps
542,61192 Armistice Pass,Betteann,Female,"{""type"":""Buffer"",""data"":[1]}",Escala
543,73 Utah Trail,Dianemarie,Female,"{""type"":""Buffer"",""data"":[0]}",Vallens
544,12015 New Castle Court,Harman,Male,"{""type"":""Buffer"",""data"":[0]}",Klemz
545,18266 Fieldstone Crossing,Hedvige,Female,"{""type"":""Buffer"",""data"":[1]}",Worvell
546,965 Emmet Place,Anallese,Female,"{""type"":""Buffer"",""data"":[1]}",Jehan
547,56979 Loomis Trail,Kelcy,Female,"{""type"":""Buffer"",""data"":[0]}",Goodswen
548,95 Crest Line Crossing,Elna,Female,"{""type"":""Buffer"",""data"":[1]}",Larcher
549,14369 Sloan Park,Louella,Female,"{""type"":""Buffer"",""data"":[1]}",Ghiotto
550,48196 Ridgeway Junction,Betti,Female,"{""type"":""Buffer"",""data"":[1]}",Baswall
551,0 Westend Court,Winfield,Male,"{""type"":""Buffer"",""data"":[0]}",Pencott
552,91957 Schiller Street,Kai,Female,"{""type"":""Buffer"",""data"":[0]}",Vickarman
553,2 Waywood Road,Henka,Female,"{""type"":""Buffer"",""data"":[0]}",Galgey
554,7083 Knutson Terrace,Desirae,Female,"{""type"":""Buffer"",""data"":[1]}",Kenewel
555,8265 Saint Paul Center,Marcelia,Female,"{""type"":""Buffer"",""data"":[1]}",Kobiela
556,8832 Susan Hill,Gary,Male,"{""type"":""Buffer"",""data"":[1]}",Cowlam
557,3395 Hudson Terrace,Calypso,Female,"{""type"":""Buffer"",""data"":[1]}",Bavidge
558,4 Memorial Pass,Madelyn,Female,"{""type"":""Buffer"",""data"":[0]}",Worsnup
559,7492 Mendota Crossing,Willdon,Male,"{""type"":""Buffer"",""data"":[0]}",Robertson
560,4 Loeprich Way,Mylo,Male,"{""type"":""Buffer"",""data"":[1]}",Strain
561,81 Westend Alley,Hermann,Male,"{""type"":""Buffer"",""data"":[1]}",Korneev
562,660 Larry Court,Hillyer,Male,"{""type"":""Buffer"",""data"":[0]}",Errol
563,431 Bayside Trail,Rorke,Male,"{""type"":""Buffer"",""data"":[1]}",Skerm
564,06761 Sachtjen Plaza,Kyle,Male,"{""type"":""Buffer"",""data"":[1]}",Beagley
565,10 Jana Place,Gaelan,Male,"{""type"":""Buffer"",""data"":[1]}",Vondrak
566,2 Barby Drive,Agosto,Male,"{""type"":""Buffer"",""data"":[1]}",Willock
567,22 Briar Crest Center,Kip,Male,"{""type"":""Buffer"",""data"":[1]}",MacCurley
568,21244 Delladonna Hill,Roderick,Male,"{""type"":""Buffer"",""data"":[0]}",Espine
569,9360 Kipling Lane,Jerrold,Male,"{""type"":""Buffer"",""data"":[1]}",Fitzsimmons
570,1852 Menomonie Crossing,Gweneth,Female,"{""type"":""Buffer"",""data"":[0]}",Stollenwerck
571,94 Huxley Crossing,Dacie,Female,"{""type"":""Buffer"",""data"":[1]}",Dreier
572,8434 Pierstorff Parkway,Loydie,Male,"{""type"":""Buffer"",""data"":[0]}",Bierton
573,57570 Towne Court,Vittoria,Female,"{""type"":""Buffer"",""data"":[0]}",Hullock
574,71 Division Avenue,Lanny,Male,"{""type"":""Buffer"",""data"":[1]}",Sturdey
575,0307 Artisan Place,Immanuel,Male,"{""type"":""Buffer"",""data"":[1]}",Pol
576,2 Butterfield Plaza,Cecil,Male,"{""type"":""Buffer"",""data"":[1]}",Rutty
577,1 Schiller Avenue,Seth,Male,"{""type"":""Buffer"",""data"":[1]}",Heimes
578,3 Judy Point,Derwin,Male,"{""type"":""Buffer"",""data"":[0]}",Malia
579,88 Manitowish Terrace,Irina,Female,"{""type"":""Buffer"",""data"":[0]}",Davidge
580,2 Grim Court,Ashia,Female,"{""type"":""Buffer"",""data"":[0]}",Custy
581,3 Gale Circle,Etheline,Female,"{""type"":""Buffer"",""data"":[0]}",Dysert
582,8040 Buena Vista Pass,Ambros,Male,"{""type"":""Buffer"",""data"":[0]}",McQuorkell
583,96 Boyd Lane,Jackie,Male,"{""type"":""Buffer"",""data"":[1]}",Adamski
584,0 Jenna Court,Marina,Female,"{""type"":""Buffer"",""data"":[1]}",Normanvill
585,1 Sloan Park,Gilbert,Male,"{""type"":""Buffer"",""data"":[1]}",Bursnall
586,02767 Hermina Road,Kipp,Female,"{""type"":""Buffer"",""data"":[1]}",Matzke
587,5961 Logan Drive,Elroy,Male,"{""type"":""Buffer"",""data"":[0]}",Pattillo
588,39948 Anthes Lane,Carmita,Female,"{""type"":""Buffer"",""data"":[1]}",Durling
589,2086 Graedel Point,Amii,Female,"{""type"":""Buffer"",""data"":[0]}",Makin
590,54943 Claremont Park,Chane,Male,"{""type"":""Buffer"",""data"":[0]}",Oselton
591,85647 Eliot Point,Sarita,Female,"{""type"":""Buffer"",""data"":[0]}",Brinded
592,0521 Memorial Drive,Nils,Male,"{""type"":""Buffer"",""data"":[0]}",Rahill
593,2 Randy Terrace,Thaxter,Male,"{""type"":""Buffer"",""data"":[1]}",Goodrich
594,58 Cambridge Pass,Dom,Male,"{""type"":""Buffer"",""data"":[1]}",Brunotti
595,4017 Basil Street,Fran,Female,"{""type"":""Buffer"",""data"":[0]}",Ellph
596,8365 Kenwood Street,Tamarah,Female,"{""type"":""Buffer"",""data"":[1]}",Kille
597,901 Stuart Drive,Sallie,Female,"{""type"":""Buffer"",""data"":[0]}",Clowney
598,55 Blaine Court,Mirabella,Female,"{""type"":""Buffer"",""data"":[0]}",Ransom
599,8023 Oakridge Place,Filbert,Male,"{""type"":""Buffer"",""data"":[0]}",Cassells
600,43114 Darwin Place,Lewes,Male,"{""type"":""Buffer"",""data"":[0]}",de Wilde
601,745 Farragut Junction,Niven,Male,"{""type"":""Buffer"",""data"":[1]}",Lednor
602,4 Esker Terrace,Anna-diane,Female,"{""type"":""Buffer"",""data"":[0]}",Casebourne
603,26988 Riverside Plaza,Elladine,Female,"{""type"":""Buffer"",""data"":[0]}",Lowey
604,8384 David Way,Claire,Female,"{""type"":""Buffer"",""data"":[1]}",Viel
605,1 Northport Place,Andee,Female,"{""type"":""Buffer"",""data"":[1]}",Greatbatch
606,03222 Bellgrove Circle,Sansone,Male,"{""type"":""Buffer"",""data"":[1]}",Suggate
607,1 Fisk Street,Ernie,Male,"{""type"":""Buffer"",""data"":[0]}",Mulbry
608,09 Daystar Way,Jayme,Male,"{""type"":""Buffer"",""data"":[1]}",Wudeland
609,8681 Esker Parkway,Reece,Male,"{""type"":""Buffer"",""data"":[1]}",Mardlin
610,356 Carpenter Center,Clarissa,Female,"{""type"":""Buffer"",""data"":[0]}",Willmore
611,023 Farmco Pass,Janelle,Female,"{""type"":""Buffer"",""data"":[0]}",Zorzi
612,49 Hoffman Drive,Adrea,Female,"{""type"":""Buffer"",""data"":[1]}",Belcham
613,6 Katie Pass,Ailene,Female,"{""type"":""Buffer"",""data"":[0]}",Leyman
614,50 West Street,Cathy,Female,"{""type"":""Buffer"",""data"":[0]}",Panswick
615,49 High Crossing Road,Pierre,Male,"{""type"":""Buffer"",""data"":[1]}",Cluney
616,9 Londonderry Drive,Marci,Female,"{""type"":""Buffer"",""data"":[0]}",Bernath
617,457 Northport Avenue,Mirelle,Female,"{""type"":""Buffer"",""data"":[1]}",Etock
618,5186 Birchwood Circle,Elvin,Male,"{""type"":""Buffer"",""data"":[1]}",Pien
619,2835 Marquette Alley,Palmer,Male,"{""type"":""Buffer"",""data"":[0]}",Penticoot
620,0 Monument Terrace,Meir,Male,"{""type"":""Buffer"",""data"":[1]}",Seckom
621,5 Southridge Park,Reece,Male,"{""type"":""Buffer"",""data"":[1]}",Elbourne
622,232 Lerdahl Point,Efren,Male,"{""type"":""Buffer"",""data"":[0]}",Bourgeois
623,4 Heath Court,Claudina,Female,"{""type"":""Buffer"",""data"":[0]}",Burnup
624,77 Mcbride Plaza,Tully,Male,"{""type"":""Buffer"",""data"":[0]}",Adamsky
625,12 Sachs Court,Gregorio,Male,"{""type"":""Buffer"",""data"":[1]}",Baughan
626,2380 Waywood Center,Cecelia,Female,"{""type"":""Buffer"",""data"":[1]}",Sjollema
627,40995 Bartillon Drive,Henrieta,Female,"{""type"":""Buffer"",""data"":[0]}",Dandie
628,7873 Lakeland Place,Geoff,Male,"{""type"":""Buffer"",""data"":[1]}",Sreenan
629,58 Acker Lane,Jermaine,Male,"{""type"":""Buffer"",""data"":[1]}",Talks
630,96421 Schlimgen Way,Dorella,Female,"{""type"":""Buffer"",""data"":[1]}",Strognell
631,130 Bartillon Place,Reyna,Female,"{""type"":""Buffer"",""data"":[0]}",Ferandez
632,0 Lukken Terrace,Darius,Male,"{""type"":""Buffer"",""data"":[0]}",Nisby
633,25 Manitowish Alley,Lynde,Female,"{""type"":""Buffer"",""data"":[1]}",Dooly
634,2 Eastwood Pass,Arlin,Male,"{""type"":""Buffer"",""data"":[0]}",Lathwell
635,1 Del Sol Lane,Job,Male,"{""type"":""Buffer"",""data"":[0]}",Jendrich
636,6 Donald Plaza,Traci,Female,"{""type"":""Buffer"",""data"":[1]}",Daveran
637,8 Arkansas Point,Paten,Male,"{""type"":""Buffer"",""data"":[0]}",O'Reilly
638,18 Thompson Junction,Jermaine,Male,"{""type"":""Buffer"",""data"":[0]}",Filyaev
639,45 Helena Place,Garv,Male,"{""type"":""Buffer"",""data"":[0]}",Keslake
640,750 Northport Lane,Byrom,Male,"{""type"":""Buffer"",""data"":[1]}",O'Heffernan
641,18481 Erie Park,Herbert,Male,"{""type"":""Buffer"",""data"":[1]}",Scohier
642,7 Crest Line Alley,Fabien,Male,"{""type"":""Buffer"",""data"":[0]}",Bunworth
643,3415 Holmberg Circle,Timothy,Male,"{""type"":""Buffer"",""data"":[1]}",Bartholomaus
644,88 Mayfield Pass,Calida,Female,"{""type"":""Buffer"",""data"":[0]}",Kilcullen
645,230 Loftsgordon Circle,Pennie,Male,"{""type"":""Buffer"",""data"":[1]}",Aberhart
646,93 Nelson Junction,Freddi,Female,"{""type"":""Buffer"",""data"":[0]}",Gludor
647,152 Roxbury Place,Orella,Female,"{""type"":""Buffer"",""data"":[1]}",Stanlike
648,78847 Gina Center,Merwyn,Male,"{""type"":""Buffer"",""data"":[1]}",Reiner
649,1 Miller Drive,Carmella,Female,"{""type"":""Buffer"",""data"":[1]}",Geall
650,01 Crowley Pass,Tarra,Female,"{""type"":""Buffer"",""data"":[1]}",Gaines
651,66 Troy Road,Ritchie,Male,"{""type"":""Buffer"",""data"":[0]}",Nattrass
652,388 Carioca Parkway,Gay,Female,"{""type"":""Buffer"",""data"":[0]}",Talby
653,1 Mayer Street,Marisa,Female,"{""type"":""Buffer"",""data"":[1]}",Coomer
654,599 Erie Terrace,Avrom,Male,"{""type"":""Buffer"",""data"":[1]}",Stuehmeyer
655,54639 Wayridge Road,Farah,Female,"{""type"":""Buffer"",""data"":[0]}",Inett
656,215 East Terrace,Adelle,Female,"{""type"":""Buffer"",""data"":[0]}",MacFadyen
657,915 Stuart Parkway,Holden,Male,"{""type"":""Buffer"",""data"":[0]}",Stavers
658,0 Ludington Trail,Ingeberg,Female,"{""type"":""Buffer"",""data"":[1]}",Hargrove
659,16 Maple Pass,Dorry,Female,"{""type"":""Buffer"",""data"":[1]}",Sheather
660,6644 Pleasure Hill,Jesselyn,Female,"{""type"":""Buffer"",""data"":[1]}",Cicchinelli
661,465 Basil Street,Easter,Female,"{""type"":""Buffer"",""data"":[0]}",Gallichan
662,7 Independence Crossing,Ree,Female,"{""type"":""Buffer"",""data"":[1]}",Carroll
663,185 American Ash Place,Reuven,Male,"{""type"":""Buffer"",""data"":[1]}",Kienle
664,27807 Stang Alley,Michell,Female,"{""type"":""Buffer"",""data"":[0]}",Spear
665,3363 Macpherson Avenue,Normie,Male,"{""type"":""Buffer"",""data"":[1]}",Roswarn
666,860 Steensland Avenue,Magnum,Male,"{""type"":""Buffer"",""data"":[0]}",Sollam
667,1 Hoepker Pass,Clemmie,Male,"{""type"":""Buffer"",""data"":[1]}",Armin
668,0 Merchant Parkway,Baxy,Male,"{""type"":""Buffer"",""data"":[1]}",Bragge
669,425 Hoffman Lane,Karlen,Female,"{""type"":""Buffer"",""data"":[1]}",Bettlestone
670,7369 Troy Court,Artur,Male,"{""type"":""Buffer"",""data"":[1]}",Hourigan
671,5949 Schurz Road,Euphemia,Female,"{""type"":""Buffer"",""data"":[1]}",Dametti
672,919 Gina Parkway,Fabien,Male,"{""type"":""Buffer"",""data"":[1]}",Hoggan
673,83202 Morningstar Parkway,Ailis,Female,"{""type"":""Buffer"",""data"":[0]}",Mazzeo
674,0 West Center,Jordan,Male,"{""type"":""Buffer"",""data"":[1]}",Frederick
675,9113 Lukken Way,Cordy,Male,"{""type"":""Buffer"",""data"":[1]}",Vinck
676,285 Truax Street,Roxanna,Female,"{""type"":""Buffer"",""data"":[1]}",Dufoure
677,20162 Arrowood Park,Isaak,Male,"{""type"":""Buffer"",""data"":[1]}",Waison
678,142 Barnett Court,Chandal,Female,"{""type"":""Buffer"",""data"":[1]}",McEvilly
679,1 Corben Place,Casper,Male,"{""type"":""Buffer"",""data"":[0]}",Whardley
680,66 Northfield Drive,Almeria,Female,"{""type"":""Buffer"",""data"":[1]}",Jeanneau
681,5535 6th Hill,Vivie,Female,"{""type"":""Buffer"",""data"":[1]}",Bonnar
682,4554 Heath Parkway,Prince,Male,"{""type"":""Buffer"",""data"":[1]}",Tutin
683,09 Lakewood Gardens Junction,Lennie,Male,"{""type"":""Buffer"",""data"":[1]}",Methven
684,0489 Anhalt Court,Somerset,Male,"{""type"":""Buffer"",""data"":[0]}",Schoales
685,69122 Aberg Plaza,Josie,Female,"{""type"":""Buffer"",""data"":[0]}",McArdell
686,4704 Truax Avenue,Rosemary,Female,"{""type"":""Buffer"",""data"":[0]}",Antonio
687,21285 Manufacturers Avenue,Saidee,Female,"{""type"":""Buffer"",""data"":[0]}",Longstreet
688,5 Bay Junction,Kristan,Female,"{""type"":""Buffer"",""data"":[0]}",Abelwhite
689,0269 Lukken Circle,Hillary,Male,"{""type"":""Buffer"",""data"":[1]}",Meijer
690,18964 Northland Pass,Casey,Female,"{""type"":""Buffer"",""data"":[0]}",Cornewall
691,141 Graedel Terrace,Montgomery,Male,"{""type"":""Buffer"",""data"":[1]}",Wylam
692,1031 Bonner Street,Dana,Male,"{""type"":""Buffer"",""data"":[0]}",Asson
693,9464 Waubesa Center,Jillayne,Female,"{""type"":""Buffer"",""data"":[1]}",Purkis
694,81799 Northfield Alley,Minna,Female,"{""type"":""Buffer"",""data"":[0]}",Grabbam
695,2 Southridge Crossing,Scarlet,Female,"{""type"":""Buffer"",""data"":[0]}",Westraw
696,4 Grayhawk Plaza,Noby,Male,"{""type"":""Buffer"",""data"":[1]}",Stetson
697,740 Becker Place,Waylon,Male,"{""type"":""Buffer"",""data"":[1]}",Bartens
698,54 Sachs Trail,Beitris,Female,"{""type"":""Buffer"",""data"":[1]}",Roddick
699,6031 Graceland Lane,Salli,Female,"{""type"":""Buffer"",""data"":[0]}",Bingle
700,5929 Miller Circle,Paulo,Male,"{""type"":""Buffer"",""data"":[1]}",Arlt
701,68294 Sachtjen Center,Jammal,Male,"{""type"":""Buffer"",""data"":[1]}",Demougeot
702,59515 Gale Court,Hogan,Male,"{""type"":""Buffer"",""data"":[1]}",Vanyashkin
703,45685 Blaine Parkway,Roderic,Male,"{""type"":""Buffer"",""data"":[0]}",Yeabsley
704,402 Hansons Junction,Rhonda,Female,"{""type"":""Buffer"",""data"":[0]}",Shucksmith
705,9 Granby Street,Elisha,Male,"{""type"":""Buffer"",""data"":[0]}",Offen
706,87733 Heath Circle,Robinson,Male,"{""type"":""Buffer"",""data"":[1]}",Sawford
707,15 Spohn Center,Jeremias,Male,"{""type"":""Buffer"",""data"":[1]}",Plett
708,7748 Ilene Parkway,Greer,Female,"{""type"":""Buffer"",""data"":[1]}",Dauncey
709,40 Sugar Plaza,Corinna,Female,"{""type"":""Buffer"",""data"":[1]}",Holtaway
710,43184 Shopko Court,Paolina,Female,"{""type"":""Buffer"",""data"":[1]}",Baudi
711,64502 Melvin Crossing,Shannah,Female,"{""type"":""Buffer"",""data"":[1]}",McCray
712,45777 Stuart Pass,Stacey,Female,"{""type"":""Buffer"",""data"":[1]}",Kemshell
713,5215 Sycamore Crossing,Lissa,Female,"{""type"":""Buffer"",""data"":[1]}",Quick
714,64235 Hovde Center,Lexie,Female,"{""type"":""Buffer"",""data"":[1]}",Birmingham
715,3 Scoville Trail,Nichol,Female,"{""type"":""Buffer"",""data"":[0]}",Ravelus
716,25202 Morningstar Circle,Reena,Female,"{""type"":""Buffer"",""data"":[0]}",Wallas
717,7866 Carpenter Circle,Boyce,Male,"{""type"":""Buffer"",""data"":[0]}",Hucklesby
718,146 Westend Avenue,Antonietta,Female,"{""type"":""Buffer"",""data"":[0]}",Rojahn
719,15642 Pawling Center,Ariadne,Female,"{""type"":""Buffer"",""data"":[0]}",Ansty
720,1 Leroy Trail,Gabbie,Female,"{""type"":""Buffer"",""data"":[1]}",Gianneschi
721,82 Iowa Park,Earle,Male,"{""type"":""Buffer"",""data"":[1]}",Muffen
722,865 Ilene Point,Tammy,Female,"{""type"":""Buffer"",""data"":[0]}",Queyos
723,143 Annamark Road,Bettina,Female,"{""type"":""Buffer"",""data"":[1]}",Bassil
724,1906 Glendale Parkway,Packston,Male,"{""type"":""Buffer"",""data"":[0]}",Sindell
725,38885 Miller Junction,Lowell,Male,"{""type"":""Buffer"",""data"":[0]}",Paddock
726,27 Buhler Way,Jeno,Male,"{""type"":""Buffer"",""data"":[1]}",Mcmanaman
727,646 Hauk Avenue,Brynne,Female,"{""type"":""Buffer"",""data"":[1]}",Firpi
728,25 Hudson Way,Bethina,Female,"{""type"":""Buffer"",""data"":[1]}",Van der Hoven
729,9 Corry Crossing,Aguistin,Male,"{""type"":""Buffer"",""data"":[0]}",Merrikin
730,53539 Hallows Pass,Mordy,Male,"{""type"":""Buffer"",""data"":[0]}",Gludor
731,16 Schlimgen Junction,Stace,Female,"{""type"":""Buffer"",""data"":[1]}",Ludovico
732,20488 Mallory Court,Inesita,Female,"{""type"":""Buffer"",""data"":[0]}",Gurney
733,9 Mayfield Drive,Bridget,Female,"{""type"":""Buffer"",""data"":[0]}",Cridlon
734,78834 Victoria Crossing,Farlee,Male,"{""type"":""Buffer"",""data"":[1]}",Pendle
735,72 Nova Lane,Sandro,Male,"{""type"":""Buffer"",""data"":[0]}",Ducarne
736,733 Melody Trail,Kipp,Female,"{""type"":""Buffer"",""data"":[0]}",Shufflebotham
737,4 Scoville Parkway,Harbert,Male,"{""type"":""Buffer"",""data"":[1]}",Gayter
738,9 Killdeer Pass,Kim,Male,"{""type"":""Buffer"",""data"":[0]}",Sandham
739,45 Schiller Street,Marinna,Female,"{""type"":""Buffer"",""data"":[1]}",Barbe
740,806 Thierer Plaza,Maria,Female,"{""type"":""Buffer"",""data"":[1]}",Matuska
741,1410 Hooker Avenue,Gasper,Male,"{""type"":""Buffer"",""data"":[1]}",Gurg
742,26 Tony Hill,Lev,Male,"{""type"":""Buffer"",""data"":[0]}",Bryant
743,38370 Knutson Circle,Heloise,Female,"{""type"":""Buffer"",""data"":[1]}",Kittow
744,420 Express Terrace,Cirstoforo,Male,"{""type"":""Buffer"",""data"":[1]}",Jeckell
745,5464 Shoshone Alley,Martguerita,Female,"{""type"":""Buffer"",""data"":[1]}",Hanlin
746,38185 Raven Pass,Zechariah,Male,"{""type"":""Buffer"",""data"":[1]}",Henze
747,4 Bay Plaza,Christen,Female,"{""type"":""Buffer"",""data"":[0]}",Erickson
748,4 Montana Point,Hillie,Male,"{""type"":""Buffer"",""data"":[0]}",Huband
749,40 Birchwood Court,Lucienne,Female,"{""type"":""Buffer"",""data"":[0]}",Lemon
750,52 Memorial Junction,Janith,Female,"{""type"":""Buffer"",""data"":[1]}",Iacomo
751,699 Jana Avenue,Sascha,Female,"{""type"":""Buffer"",""data"":[1]}",McCafferky
752,59652 Victoria Terrace,Alexandros,Male,"{""type"":""Buffer"",""data"":[1]}",Sizeland
753,1841 Cardinal Point,Silvester,Male,"{""type"":""Buffer"",""data"":[0]}",Leates
754,58323 Ridgeview Plaza,Dicky,Male,"{""type"":""Buffer"",""data"":[1]}",Swadlin
755,58040 Roxbury Pass,Sonnnie,Female,"{""type"":""Buffer"",""data"":[0]}",Arnell
756,899 Chive Park,Brynn,Female,"{""type"":""Buffer"",""data"":[1]}",Welsby
757,36917 Independence Circle,Gigi,Female,"{""type"":""Buffer"",""data"":[0]}",Rootham
758,621 Schlimgen Street,Cate,Female,"{""type"":""Buffer"",""data"":[0]}",Antonucci
759,980 1st Street,Xylina,Female,"{""type"":""Buffer"",""data"":[0]}",Rowbottam
760,77 Monterey Lane,Peggi,Female,"{""type"":""Buffer"",""data"":[1]}",Collymore
761,88651 International Avenue,Lesly,Female,"{""type"":""Buffer"",""data"":[1]}",Jahnisch
762,5 Farmco Road,Lilyan,Female,"{""type"":""Buffer"",""data"":[1]}",Singers
763,8 Westport Trail,Wilbert,Male,"{""type"":""Buffer"",""data"":[1]}",Blenkinship
764,6 Nevada Trail,Kerwin,Male,"{""type"":""Buffer"",""data"":[0]}",Itzhayek
765,1786 Montana Park,Bradley,Male,"{""type"":""Buffer"",""data"":[0]}",Alexandersson
766,8 Redwing Road,Phil,Female,"{""type"":""Buffer"",""data"":[1]}",Holdforth
767,685 Veith Road,Lilli,Female,"{""type"":""Buffer"",""data"":[1]}",Brigshaw
768,81 Porter Road,Jobye,Female,"{""type"":""Buffer"",""data"":[0]}",Gruszka
769,7560 Jana Hill,Pierette,Female,"{""type"":""Buffer"",""data"":[1]}",Letchford
770,562 Nevada Crossing,Cordey,Female,"{""type"":""Buffer"",""data"":[0]}",Matuszynski
771,78819 Loeprich Pass,Branden,Male,"{""type"":""Buffer"",""data"":[0]}",Dedam
772,3 Browning Circle,Moyra,Female,"{""type"":""Buffer"",""data"":[1]}",Mulhall
773,1 Dapin Avenue,Warden,Male,"{""type"":""Buffer"",""data"":[1]}",Stitle
774,08895 Comanche Junction,Faye,Female,"{""type"":""Buffer"",""data"":[0]}",Monsey
775,604 Shoshone Center,Maighdiln,Female,"{""type"":""Buffer"",""data"":[0]}",Chazette
776,1639 Cambridge Plaza,Tiffanie,Female,"{""type"":""Buffer"",""data"":[1]}",Dacres
777,3 Graceland Place,Jarred,Male,"{""type"":""Buffer"",""data"":[0]}",Matelaitis
778,16478 New Castle Trail,Antonella,Female,"{""type"":""Buffer"",""data"":[1]}",Genny
779,54 Cascade Junction,Antons,Male,"{""type"":""Buffer"",""data"":[0]}",Shower
780,3 Katie Way,Augustine,Male,"{""type"":""Buffer"",""data"":[1]}",Royste
781,66601 Kinsman Drive,Demetri,Male,"{""type"":""Buffer"",""data"":[0]}",Impson
782,3980 Schurz Way,Roseann,Female,"{""type"":""Buffer"",""data"":[0]}",Brickell
783,71 Trailsway Center,Camilla,Female,"{""type"":""Buffer"",""data"":[1]}",Delafoy
784,50535 South Drive,Celle,Female,"{""type"":""Buffer"",""data"":[0]}",Laurent
785,7 Redwing Way,Kerk,Male,"{""type"":""Buffer"",""data"":[0]}",Gudeman
786,02 Northview Parkway,Imogen,Female,"{""type"":""Buffer"",""data"":[0]}",Dainty
787,505 Delladonna Pass,Georgianna,Female,"{""type"":""Buffer"",""data"":[1]}",McLardie
788,34 Prairie Rose Hill,Elsa,Female,"{""type"":""Buffer"",""data"":[0]}",Jones
789,67448 Harbort Terrace,Boot,Male,"{""type"":""Buffer"",""data"":[1]}",Levington
790,2023 Stuart Terrace,Marita,Female,"{""type"":""Buffer"",""data"":[0]}",MacDonough
791,48 Transport Court,Umberto,Male,"{""type"":""Buffer"",""data"":[1]}",De Vaar
792,165 Eagan Circle,Dorthy,Female,"{""type"":""Buffer"",""data"":[0]}",Waterson
793,83426 Grasskamp Center,Cindelyn,Female,"{""type"":""Buffer"",""data"":[1]}",Banford
794,03409 Dakota Point,Reeva,Female,"{""type"":""Buffer"",""data"":[0]}",McGaugey
795,1 Blaine Lane,Monah,Female,"{""type"":""Buffer"",""data"":[1]}",Dommett
796,869 Randy Place,Yurik,Male,"{""type"":""Buffer"",""data"":[0]}",Fenne
797,2946 Hoffman Parkway,Bentlee,Male,"{""type"":""Buffer"",""data"":[0]}",Dougher
798,289 Russell Circle,Theodore,Male,"{""type"":""Buffer"",""data"":[0]}",Conerding
799,9 Little Fleur Place,Lyn,Male,"{""type"":""Buffer"",""data"":[0]}",Pamplin
800,87500 Blackbird Point,Wynn,Male,"{""type"":""Buffer"",""data"":[0]}",Pedrazzi
801,61 Del Sol Court,Harmonia,Female,"{""type"":""Buffer"",""data"":[0]}",Verecker
802,48167 Holmberg Circle,Damian,Male,"{""type"":""Buffer"",""data"":[0]}",Stollen
803,8110 Northridge Place,Nataniel,Male,"{""type"":""Buffer"",""data"":[0]}",Bradburne
804,27719 4th Way,Wolfgang,Male,"{""type"":""Buffer"",""data"":[1]}",Eslie
805,30 Springview Way,Stacey,Female,"{""type"":""Buffer"",""data"":[0]}",Adamsky
806,9707 Pond Court,Hilly,Male,"{""type"":""Buffer"",""data"":[0]}",Haskett
807,10 Vermont Drive,Lissa,Female,"{""type"":""Buffer"",""data"":[0]}",Holehouse
808,7 Spenser Parkway,Idell,Female,"{""type"":""Buffer"",""data"":[0]}",Hagan
809,70057 Mayer Avenue,Stavro,Male,"{""type"":""Buffer"",""data"":[1]}",Float
810,4466 Vidon Park,Malissia,Female,"{""type"":""Buffer"",""data"":[0]}",Gervaise
811,24 Roxbury Point,Even,Male,"{""type"":""Buffer"",""data"":[0]}",Baskerfield
812,6481 Warner Alley,Biron,Male,"{""type"":""Buffer"",""data"":[1]}",Chaston
813,4467 Roth Lane,Pris,Female,"{""type"":""Buffer"",""data"":[0]}",Boyes
814,108 Division Park,Verna,Female,"{""type"":""Buffer"",""data"":[0]}",Blonfield
815,221 Ilene Court,Merrel,Male,"{""type"":""Buffer"",""data"":[0]}",Bortolini
816,8469 Bobwhite Road,Torre,Male,"{""type"":""Buffer"",""data"":[0]}",Levicount
817,14 Clarendon Street,Pearline,Female,"{""type"":""Buffer"",""data"":[1]}",Trevithick
818,14 Charing Cross Pass,Eldredge,Male,"{""type"":""Buffer"",""data"":[0]}",Northway
819,5165 Continental Court,Raymond,Male,"{""type"":""Buffer"",""data"":[0]}",Sweet
820,06883 Manley Junction,Antonius,Male,"{""type"":""Buffer"",""data"":[0]}",Licari
821,98135 Dwight Hill,Katie,Female,"{""type"":""Buffer"",""data"":[1]}",Bendle
822,0478 Nova Circle,Berti,Female,"{""type"":""Buffer"",""data"":[0]}",Aindrais
823,21 Nova Parkway,Rhodia,Female,"{""type"":""Buffer"",""data"":[0]}",Corgenvin
824,535 Lerdahl Crossing,Brent,Male,"{""type"":""Buffer"",""data"":[1]}",Eloi
825,465 Sugar Court,Sutton,Male,"{""type"":""Buffer"",""data"":[1]}",Solly
826,37238 Dapin Crossing,Cece,Male,"{""type"":""Buffer"",""data"":[1]}",Willicott
827,8 Buena Vista Lane,Gallard,Male,"{""type"":""Buffer"",""data"":[1]}",Blankenship
828,53067 Knutson Avenue,Anitra,Female,"{""type"":""Buffer"",""data"":[1]}",Baggiani
829,5 Hovde Avenue,Carlin,Male,"{""type"":""Buffer"",""data"":[1]}",Largan
830,95727 Dawn Parkway,Eugene,Male,"{""type"":""Buffer"",""data"":[0]}",Cranmer
831,6 Hermina Parkway,Gorden,Male,"{""type"":""Buffer"",""data"":[1]}",Duran
832,80 Eggendart Court,Dania,Female,"{""type"":""Buffer"",""data"":[1]}",Lobley
833,950 Nevada Park,Agna,Female,"{""type"":""Buffer"",""data"":[0]}",Heiton
834,0 Boyd Parkway,Amie,Female,"{""type"":""Buffer"",""data"":[0]}",Kitcatt
835,30 Green Drive,Myrwyn,Male,"{""type"":""Buffer"",""data"":[1]}",Giovannacci
836,7 Manufacturers Way,Stevy,Male,"{""type"":""Buffer"",""data"":[0]}",Sedgebeer
837,72778 Badeau Place,Wendeline,Female,"{""type"":""Buffer"",""data"":[1]}",Ingarfield
838,2795 Larry Court,Taddeo,Male,"{""type"":""Buffer"",""data"":[1]}",Danilchik
839,3 Pierstorff Crossing,Andie,Female,"{""type"":""Buffer"",""data"":[1]}",O'Henery
840,39 Buhler Point,Corrianne,Female,"{""type"":""Buffer"",""data"":[1]}",Lourenco
841,8 Crest Line Terrace,Moreen,Female,"{""type"":""Buffer"",""data"":[1]}",Thresher
842,116 Burning Wood Center,Burtie,Male,"{""type"":""Buffer"",""data"":[1]}",Greason
843,338 Sullivan Point,Morena,Female,"{""type"":""Buffer"",""data"":[0]}",Kosiada
844,8314 Old Shore Hill,Roselia,Female,"{""type"":""Buffer"",""data"":[1]}",Tracy
845,2455 Dennis Avenue,Stephannie,Female,"{""type"":""Buffer"",""data"":[0]}",Kembrey
846,08274 Lindbergh Road,Michaeline,Female,"{""type"":""Buffer"",""data"":[1]}",Redfern
847,562 Lakewood Gardens Hill,Bunny,Female,"{""type"":""Buffer"",""data"":[1]}",Ballam
848,8300 Springs Court,Christie,Female,"{""type"":""Buffer"",""data"":[0]}",Smyth
849,165 Pearson Court,Budd,Male,"{""type"":""Buffer"",""data"":[0]}",Kop
850,6815 Westport Park,Gwenneth,Female,"{""type"":""Buffer"",""data"":[0]}",Lindsey
851,0 Loftsgordon Hill,Brunhilde,Female,"{""type"":""Buffer"",""data"":[1]}",Djokovic
852,9654 Moulton Junction,Barny,Male,"{""type"":""Buffer"",""data"":[1]}",Ruspine
853,3116 Cody Lane,Winona,Female,"{""type"":""Buffer"",""data"":[0]}",Ollarenshaw
854,35450 Loomis Park,Dode,Female,"{""type"":""Buffer"",""data"":[1]}",Lumsdale
855,3 Waywood Circle,Tucker,Male,"{""type"":""Buffer"",""data"":[0]}",Walburn
856,2 Pennsylvania Place,Marlon,Male,"{""type"":""Buffer"",""data"":[0]}",Shillum
857,65829 Starling Junction,Jabez,Male,"{""type"":""Buffer"",""data"":[1]}",Lepoidevin
858,13555 Crescent Oaks Avenue,Marinna,Female,"{""type"":""Buffer"",""data"":[1]}",Kintish
859,58 Arrowood Circle,Demeter,Female,"{""type"":""Buffer"",""data"":[0]}",Sherbrook
860,2069 Graedel Parkway,Valdemar,Male,"{""type"":""Buffer"",""data"":[0]}",Sharpless
861,56 Jay Hill,Roy,Male,"{""type"":""Buffer"",""data"":[0]}",Castello
862,6 Delladonna Point,Kimble,Male,"{""type"":""Buffer"",""data"":[1]}",Tapsell
863,3 Magdeline Crossing,Whittaker,Male,"{""type"":""Buffer"",""data"":[1]}",Trask
864,0 Rieder Drive,Ardys,Female,"{""type"":""Buffer"",""data"":[0]}",Harnes
865,35 Monica Plaza,Trip,Male,"{""type"":""Buffer"",""data"":[1]}",Deinhard
866,2767 Sloan Park,Joellen,Female,"{""type"":""Buffer"",""data"":[1]}",Gudahy
867,33 American Ash Street,Sher,Female,"{""type"":""Buffer"",""data"":[0]}",Monshall
868,260 Meadow Ridge Alley,Ezequiel,Male,"{""type"":""Buffer"",""data"":[1]}",Schriren
869,16 Colorado Point,Ara,Female,"{""type"":""Buffer"",""data"":[0]}",Roke
870,6797 American Trail,Talbot,Male,"{""type"":""Buffer"",""data"":[1]}",Hakey
871,1 Blue Bill Park Plaza,Mose,Male,"{""type"":""Buffer"",""data"":[0]}",Mainwaring
872,78 3rd Lane,Monique,Female,"{""type"":""Buffer"",""data"":[0]}",Lineen
873,117 Darwin Way,Leta,Female,"{""type"":""Buffer"",""data"":[0]}",Sarfatti
874,579 Delaware Terrace,Emylee,Female,"{""type"":""Buffer"",""data"":[1]}",Annice
875,5 Namekagon Center,Duky,Male,"{""type"":""Buffer"",""data"":[1]}",Spleving
876,51202 Welch Trail,Nola,Female,"{""type"":""Buffer"",""data"":[1]}",Foston
877,28588 Clyde Gallagher Point,Brant,Male,"{""type"":""Buffer"",""data"":[0]}",Traher
878,5293 Crownhardt Trail,Charlotta,Female,"{""type"":""Buffer"",""data"":[1]}",Creaven
879,2483 Atwood Street,Phil,Male,"{""type"":""Buffer"",""data"":[1]}",Dunnett
880,742 Hauk Alley,Ambur,Female,"{""type"":""Buffer"",""data"":[1]}",Pawsey
881,1 Melrose Center,Teddy,Female,"{""type"":""Buffer"",""data"":[1]}",Wolledge
882,7 Stang Parkway,Graham,Male,"{""type"":""Buffer"",""data"":[0]}",Eckert
883,7 Sauthoff Place,Rosemary,Female,"{""type"":""Buffer"",""data"":[1]}",Swinbourne
884,36898 Superior Circle,Rodolfo,Male,"{""type"":""Buffer"",""data"":[0]}",Newling
885,65 Heath Center,Victor,Male,"{""type"":""Buffer"",""data"":[1]}",Ovill
886,22 Crescent Oaks Avenue,Kylynn,Female,"{""type"":""Buffer"",""data"":[1]}",Hallford
887,60860 Orin Circle,Derek,Male,"{""type"":""Buffer"",""data"":[1]}",Pluck
888,38870 Old Shore Parkway,Mario,Male,"{""type"":""Buffer"",""data"":[1]}",Wakeham
889,33 Warbler Trail,Conny,Male,"{""type"":""Buffer"",""data"":[0]}",Coatts
890,122 Texas Lane,Leo,Male,"{""type"":""Buffer"",""data"":[0]}",Fugere
891,13 Golf Course Drive,Sherye,Female,"{""type"":""Buffer"",""data"":[0]}",Sertin
892,41 Bay Terrace,Charleen,Female,"{""type"":""Buffer"",""data"":[1]}",Elland
893,03 Esker Circle,Danit,Female,"{""type"":""Buffer"",""data"":[0]}",Docharty
894,8550 Menomonie Lane,Sena,Female,"{""type"":""Buffer"",""data"":[0]}",Dotterill
895,6795 Moulton Avenue,Luisa,Female,"{""type"":""Buffer"",""data"":[1]}",Ash
896,2 Goodland Circle,Emlyn,Male,"{""type"":""Buffer"",""data"":[0]}",Plumbe
897,7935 Butterfield Avenue,Tammie,Male,"{""type"":""Buffer"",""data"":[0]}",Pankettman
898,3165 Mayer Road,Steffi,Female,"{""type"":""Buffer"",""data"":[0]}",Craggs
899,53333 Oakridge Park,Chris,Male,"{""type"":""Buffer"",""data"":[1]}",Eberz
900,8 Maryland Road,Janos,Male,"{""type"":""Buffer"",""data"":[0]}",Grief
901,0 Transport Junction,Sheelagh,Female,"{""type"":""Buffer"",""data"":[1]}",Hazell
902,93765 Delladonna Street,Christophe,Male,"{""type"":""Buffer"",""data"":[0]}",Camosso
903,35621 Dunning Court,Eleanora,Female,"{""type"":""Buffer"",""data"":[1]}",Cashford
904,07535 Del Sol Hill,Earlie,Male,"{""type"":""Buffer"",""data"":[1]}",Christoffersen
905,98481 Jenna Park,Merell,Male,"{""type"":""Buffer"",""data"":[1]}",Davana
906,45167 Onsgard Parkway,Carmelia,Female,"{""type"":""Buffer"",""data"":[0]}",Muck
907,84 Buhler Lane,Charleen,Female,"{""type"":""Buffer"",""data"":[1]}",Fernao
908,033 Rigney Avenue,Elbertina,Female,"{""type"":""Buffer"",""data"":[0]}",Pridie
909,950 Comanche Avenue,Remus,Male,"{""type"":""Buffer"",""data"":[1]}",Troyes
910,12662 Blaine Park,Brewster,Male,"{""type"":""Buffer"",""data"":[1]}",Rubinowitz
911,7 Evergreen Park,Chandler,Male,"{""type"":""Buffer"",""data"":[0]}",Gaskin
912,32 Lawn Center,Christal,Female,"{""type"":""Buffer"",""data"":[0]}",Pietrzak
913,354 Chinook Junction,Jessa,Female,"{""type"":""Buffer"",""data"":[1]}",Brittles
914,3 Sommers Avenue,Ruthi,Female,"{""type"":""Buffer"",""data"":[1]}",Formigli
915,7089 Superior Lane,Steffane,Female,"{""type"":""Buffer"",""data"":[0]}",Paulson
916,819 Truax Terrace,Frances,Female,"{""type"":""Buffer"",""data"":[0]}",Muirden
917,25527 School Hill,Samuele,Male,"{""type"":""Buffer"",""data"":[1]}",Simmance
918,0430 Dixon Place,Ronnie,Female,"{""type"":""Buffer"",""data"":[1]}",Woolfall
919,436 Buena Vista Avenue,Wilmette,Female,"{""type"":""Buffer"",""data"":[0]}",de Mendoza
920,26487 Fairfield Trail,Christoforo,Male,"{""type"":""Buffer"",""data"":[0]}",Brookesbie
921,97095 Linden Way,Eugenie,Female,"{""type"":""Buffer"",""data"":[0]}",Anwyl
922,5 Prentice Place,Margery,Female,"{""type"":""Buffer"",""data"":[0]}",Chapple
923,605 Hooker Point,Opal,Female,"{""type"":""Buffer"",""data"":[0]}",Adhams
924,72 Monument Avenue,Roddy,Male,"{""type"":""Buffer"",""data"":[0]}",Le Barr
925,06 Graedel Point,Hasty,Male,"{""type"":""Buffer"",""data"":[1]}",Fairebrother
926,162 Sage Parkway,Kimmi,Female,"{""type"":""Buffer"",""data"":[1]}",Killingbeck
927,179 Killdeer Park,Boycie,Male,"{""type"":""Buffer"",""data"":[0]}",Marler
928,754 Superior Circle,Dallon,Male,"{""type"":""Buffer"",""data"":[1]}",Gurdon
929,020 John Wall Plaza,Eydie,Female,"{""type"":""Buffer"",""data"":[0]}",Circuit
930,7907 Fairfield Court,Gwendolyn,Female,"{""type"":""Buffer"",""data"":[0]}",Reynoollds
931,309 Maple Lane,Scarlett,Female,"{""type"":""Buffer"",""data"":[1]}",Alexander
932,5342 Leroy Alley,Rheta,Female,"{""type"":""Buffer"",""data"":[1]}",McCarlie
933,427 Helena Hill,Halsey,Male,"{""type"":""Buffer"",""data"":[1]}",Sorey
934,3 Bonner Road,Alwin,Male,"{""type"":""Buffer"",""data"":[0]}",Levitt
935,7027 Ridgeview Road,Dinny,Female,"{""type"":""Buffer"",""data"":[0]}",Dyson
936,08126 Pleasure Alley,Codi,Male,"{""type"":""Buffer"",""data"":[1]}",Stemson
937,53 Loftsgordon Pass,Millisent,Female,"{""type"":""Buffer"",""data"":[1]}",Moncreiffe
938,33 Vidon Point,Sammy,Male,"{""type"":""Buffer"",""data"":[0]}",Denver
939,87329 Stone Corner Way,Yoshi,Female,"{""type"":""Buffer"",""data"":[1]}",Baszkiewicz
940,680 Park Meadow Plaza,Vickie,Female,"{""type"":""Buffer"",""data"":[0]}",Sheryne
941,28596 Blackbird Avenue,Sergent,Male,"{""type"":""Buffer"",""data"":[1]}",Wheelhouse
942,73 Oak Alley,Rodie,Female,"{""type"":""Buffer"",""data"":[0]}",Fidock
943,19 Spaight Parkway,Patrizio,Male,"{""type"":""Buffer"",""data"":[0]}",Athersmith
944,1330 Loomis Place,James,Male,"{""type"":""Buffer"",""data"":[0]}",Radage
945,171 Old Gate Street,Devinne,Female,"{""type"":""Buffer"",""data"":[0]}",O'Farris
946,53586 Glacier Hill Drive,Culver,Male,"{""type"":""Buffer"",""data"":[0]}",Rusted
947,44512 Ruskin Avenue,Raoul,Male,"{""type"":""Buffer"",""data"":[1]}",Berry
948,1611 Victoria Parkway,Lilah,Female,"{""type"":""Buffer"",""data"":[1]}",Prescote
949,255 Fairview Circle,Matty,Female,"{""type"":""Buffer"",""data"":[0]}",Van Velde
950,5 Thompson Center,Deonne,Female,"{""type"":""Buffer"",""data"":[1]}",Land
951,30 Bayside Way,Ashely,Female,"{""type"":""Buffer"",""data"":[1]}",Vice
952,328 Warrior Road,Lynna,Female,"{""type"":""Buffer"",""data"":[1]}",Leafe
953,287 Messerschmidt Plaza,Roley,Male,"{""type"":""Buffer"",""data"":[1]}",Fingleton
954,1 Pawling Circle,Nikolai,Male,"{""type"":""Buffer"",""data"":[0]}",Burtwell
955,8 Hoffman Place,Stephen,Male,"{""type"":""Buffer"",""data"":[0]}",Reeveley
956,1505 Dorton Road,Almire,Female,"{""type"":""Buffer"",""data"":[0]}",Cockerell
957,444 Hallows Court,Johnnie,Male,"{""type"":""Buffer"",""data"":[0]}",Parris
958,2328 Milwaukee Drive,Abby,Female,"{""type"":""Buffer"",""data"":[1]}",Weatherell
959,47 Brown Pass,Nixie,Female,"{""type"":""Buffer"",""data"":[0]}",Reasun
960,60790 Lyons Trail,Jasper,Male,"{""type"":""Buffer"",""data"":[1]}",Oliphand
961,424 2nd Trail,Griffy,Male,"{""type"":""Buffer"",""data"":[0]}",Gillio
962,11 Talmadge Parkway,Sumner,Male,"{""type"":""Buffer"",""data"":[1]}",Bunton
963,5 Farwell Point,Menard,Male,"{""type"":""Buffer"",""data"":[1]}",Simonin
964,931 Blue Bill Park Hill,Helenelizabeth,Female,"{""type"":""Buffer"",""data"":[0]}",Mourge
965,9001 Susan Point,Roberto,Male,"{""type"":""Buffer"",""data"":[0]}",Jane
966,538 Oak Valley Circle,Jorrie,Female,"{""type"":""Buffer"",""data"":[0]}",McGuire
967,56 Norway Maple Place,Steffi,Female,"{""type"":""Buffer"",""data"":[1]}",Ruppele
968,0327 Lerdahl Road,Gwendolen,Female,"{""type"":""Buffer"",""data"":[0]}",Ivantyev
969,7 Red Cloud Lane,Tuck,Male,"{""type"":""Buffer"",""data"":[1]}",Brentnall
970,1011 Burrows Court,Mignon,Female,"{""type"":""Buffer"",""data"":[0]}",Potapczuk
971,0815 Tomscot Point,Granny,Male,"{""type"":""Buffer"",""data"":[0]}",Malpas
972,7469 Village Green Place,Allene,Female,"{""type"":""Buffer"",""data"":[1]}",Ketteringham
973,5 Hazelcrest Road,Starr,Female,"{""type"":""Buffer"",""data"":[1]}",Andrewartha
974,8 Hollow Ridge Park,Monty,Male,"{""type"":""Buffer"",""data"":[0]}",Waggatt
975,18 Stephen Plaza,Freddy,Female,"{""type"":""Buffer"",""data"":[1]}",Aubri
976,6348 Jana Pass,Frederic,Male,"{""type"":""Buffer"",""data"":[0]}",Giaomozzo
977,1379 Union Road,Mario,Male,"{""type"":""Buffer"",""data"":[1]}",Georg
978,073 Melby Crossing,Burgess,Male,"{""type"":""Buffer"",""data"":[0]}",Minchi
979,4 Briar Crest Center,Jedidiah,Male,"{""type"":""Buffer"",""data"":[1]}",Bewley
980,519 Scofield Center,Charil,Female,"{""type"":""Buffer"",""data"":[1]}",Beceril
981,4 Red Cloud Place,Mohandis,Male,"{""type"":""Buffer"",""data"":[1]}",Rosenstein
982,324 Dwight Street,Janene,Female,"{""type"":""Buffer"",""data"":[1]}",Ghelerdini
983,5 Anzinger Way,Hunt,Male,"{""type"":""Buffer"",""data"":[0]}",Grenshiels
984,4 Roxbury Street,Foster,Male,"{""type"":""Buffer"",""data"":[0]}",Iliffe
985,7550 Village Terrace,Thoma,Male,"{""type"":""Buffer"",""data"":[1]}",Lockey
986,621 Myrtle Plaza,Virginie,Female,"{""type"":""Buffer"",""data"":[0]}",Fisbburne
987,38085 Claremont Junction,Yolanda,Female,"{""type"":""Buffer"",""data"":[0]}",Closs
988,6382 Michigan Pass,Avie,Female,"{""type"":""Buffer"",""data"":[1]}",Caygill
989,677 Longview Park,Jeffy,Male,"{""type"":""Buffer"",""data"":[1]}",Morecombe
990,45594 Shopko Center,Trudie,Female,"{""type"":""Buffer"",""data"":[1]}",Yakobowitz
991,40701 Caliangt Alley,Jodee,Female,"{""type"":""Buffer"",""data"":[0]}",Hazley
992,1863 Cardinal Pass,Rodger,Male,"{""type"":""Buffer"",""data"":[0]}",Ailward
993,0038 Forest Dale Parkway,Rowney,Male,"{""type"":""Buffer"",""data"":[1]}",Castagnasso
994,51545 Roxbury Alley,Sanders,Male,"{""type"":""Buffer"",""data"":[0]}",Caen
995,95064 Monterey Street,Giraud,Male,"{""type"":""Buffer"",""data"":[0]}",Friar
996,10 Victoria Drive,Gail,Male,"{""type"":""Buffer"",""data"":[1]}",Batten
997,887 Pierstorff Parkway,Gilbertine,Female,"{""type"":""Buffer"",""data"":[0]}",Occleshaw
998,19 Springs Alley,Cristina,Female,"{""type"":""Buffer"",""data"":[1]}",Kissell
999,6480 Monica Place,Reagen,Male,"{""type"":""Buffer"",""data"":[1]}",Fawcett
1000,31 Lighthouse Bay Junction,Adora,Female,"{""type"":""Buffer"",""data"":[1]}",Larkings
